case,config,run,exit,profile_verified,identity_verified,failure_identity,command_shell,source,producer,sha256,bytes,lines,tokens,tokenizer
01,safe,1,1,True,True,expected: <30> but was: <13>,mvn -o -B -ntp -Dmaven.repo.local=/Users/hadiranjbar/Downloads/java/token.usage/investigation/.m2 -Pinvestigation -Dtest=FailureCasesTest -Dexperiment.case=01 -Dexperiment.artifactDir=/Users/hadiranjbar/Downloads/java/token.usage/investigation/raw/conservative-v2/01/safe/1 -Dexperiment.reportDir=/Users/hadiranjbar/Downloads/java/token.usage/investigation/raw/conservative-v2/01/safe/1/reports -Dspring.output.ansi.enabled=never -Dspring.profiles.active=agent -Dexperiment.deduplicate=true surefire:test,investigation/raw/conservative-v2/01/safe/1/reports/TEST-com.ai.token.experiment.FailureCasesTest.xml,test-runner report,1391ecfd02562c0cc533abaafc4f40dd3ae1e8e752fb2ab0d69e27c926f7ac9a,26425,83,8397,tiktoken 0.14.0 o200k_base
01,safe,1,1,True,True,expected: <30> but was: <13>,mvn -o -B -ntp -Dmaven.repo.local=/Users/hadiranjbar/Downloads/java/token.usage/investigation/.m2 -Pinvestigation -Dtest=FailureCasesTest -Dexperiment.case=01 -Dexperiment.artifactDir=/Users/hadiranjbar/Downloads/java/token.usage/investigation/raw/conservative-v2/01/safe/1 -Dexperiment.reportDir=/Users/hadiranjbar/Downloads/java/token.usage/investigation/raw/conservative-v2/01/safe/1/reports -Dspring.output.ansi.enabled=never -Dspring.profiles.active=agent -Dexperiment.deduplicate=true surefire:test,investigation/raw/conservative-v2/01/safe/1/reports/com.ai.token.experiment.FailureCasesTest.txt,test-runner report,929ab034edca6cd89b39c5d4522efc34529ae0a2def74fd46b932398327cf13d,1003,13,215,tiktoken 0.14.0 o200k_base
01,safe,1,1,True,True,expected: <30> but was: <13>,mvn -o -B -ntp -Dmaven.repo.local=/Users/hadiranjbar/Downloads/java/token.usage/investigation/.m2 -Pinvestigation -Dtest=FailureCasesTest -Dexperiment.case=01 -Dexperiment.artifactDir=/Users/hadiranjbar/Downloads/java/token.usage/investigation/raw/conservative-v2/01/safe/1 -Dexperiment.reportDir=/Users/hadiranjbar/Downloads/java/token.usage/investigation/raw/conservative-v2/01/safe/1/reports -Dspring.output.ansi.enabled=never -Dspring.profiles.active=agent -Dexperiment.deduplicate=true surefire:test,investigation/raw/conservative-v2/01/safe/1/stderr.log,Maven + forked JVM stderr,e3b0c44298fc1c149afbf4c8996fb92427ae41e4649b934ca495991b7852b855,0,0,0,tiktoken 0.14.0 o200k_base
01,safe,1,1,True,True,expected: <30> but was: <13>,mvn -o -B -ntp -Dmaven.repo.local=/Users/hadiranjbar/Downloads/java/token.usage/investigation/.m2 -Pinvestigation -Dtest=FailureCasesTest -Dexperiment.case=01 -Dexperiment.artifactDir=/Users/hadiranjbar/Downloads/java/token.usage/investigation/raw/conservative-v2/01/safe/1 -Dexperiment.reportDir=/Users/hadiranjbar/Downloads/java/token.usage/investigation/raw/conservative-v2/01/safe/1/reports -Dspring.output.ansi.enabled=never -Dspring.profiles.active=agent -Dexperiment.deduplicate=true surefire:test,investigation/raw/conservative-v2/01/safe/1/stdout.log,Maven + forked JVM stdout,39186aa230fbdef5c37f968af5375f949e3e2dcda97903fcae10227e8c1ff5fe,2794,51,707,tiktoken 0.14.0 o200k_base
01,safe,2,1,True,True,expected: <30> but was: <13>,mvn -o -B -ntp -Dmaven.repo.local=/Users/hadiranjbar/Downloads/java/token.usage/investigation/.m2 -Pinvestigation -Dtest=FailureCasesTest -Dexperiment.case=01 -Dexperiment.artifactDir=/Users/hadiranjbar/Downloads/java/token.usage/investigation/raw/conservative-v2/01/safe/2 -Dexperiment.reportDir=/Users/hadiranjbar/Downloads/java/token.usage/investigation/raw/conservative-v2/01/safe/2/reports -Dspring.output.ansi.enabled=never -Dspring.profiles.active=agent -Dexperiment.deduplicate=true surefire:test,investigation/raw/conservative-v2/01/safe/2/reports/TEST-com.ai.token.experiment.FailureCasesTest.xml,test-runner report,419b24304020d3b213429b20f134cb7643ce780a6e952f06de5467ecf40f6153,26425,83,8397,tiktoken 0.14.0 o200k_base
01,safe,2,1,True,True,expected: <30> but was: <13>,mvn -o -B -ntp -Dmaven.repo.local=/Users/hadiranjbar/Downloads/java/token.usage/investigation/.m2 -Pinvestigation -Dtest=FailureCasesTest -Dexperiment.case=01 -Dexperiment.artifactDir=/Users/hadiranjbar/Downloads/java/token.usage/investigation/raw/conservative-v2/01/safe/2 -Dexperiment.reportDir=/Users/hadiranjbar/Downloads/java/token.usage/investigation/raw/conservative-v2/01/safe/2/reports -Dspring.output.ansi.enabled=never -Dspring.profiles.active=agent -Dexperiment.deduplicate=true surefire:test,investigation/raw/conservative-v2/01/safe/2/reports/com.ai.token.experiment.FailureCasesTest.txt,test-runner report,e5899a228a5ea36d5648c5f6371d63ed9c2a5d896a5e96c2f7fdf62e42e82ed7,1003,13,215,tiktoken 0.14.0 o200k_base
01,safe,2,1,True,True,expected: <30> but was: <13>,mvn -o -B -ntp -Dmaven.repo.local=/Users/hadiranjbar/Downloads/java/token.usage/investigation/.m2 -Pinvestigation -Dtest=FailureCasesTest -Dexperiment.case=01 -Dexperiment.artifactDir=/Users/hadiranjbar/Downloads/java/token.usage/investigation/raw/conservative-v2/01/safe/2 -Dexperiment.reportDir=/Users/hadiranjbar/Downloads/java/token.usage/investigation/raw/conservative-v2/01/safe/2/reports -Dspring.output.ansi.enabled=never -Dspring.profiles.active=agent -Dexperiment.deduplicate=true surefire:test,investigation/raw/conservative-v2/01/safe/2/stderr.log,Maven + forked JVM stderr,e3b0c44298fc1c149afbf4c8996fb92427ae41e4649b934ca495991b7852b855,0,0,0,tiktoken 0.14.0 o200k_base
01,safe,2,1,True,True,expected: <30> but was: <13>,mvn -o -B -ntp -Dmaven.repo.local=/Users/hadiranjbar/Downloads/java/token.usage/investigation/.m2 -Pinvestigation -Dtest=FailureCasesTest -Dexperiment.case=01 -Dexperiment.artifactDir=/Users/hadiranjbar/Downloads/java/token.usage/investigation/raw/conservative-v2/01/safe/2 -Dexperiment.reportDir=/Users/hadiranjbar/Downloads/java/token.usage/investigation/raw/conservative-v2/01/safe/2/reports -Dspring.output.ansi.enabled=never -Dspring.profiles.active=agent -Dexperiment.deduplicate=true surefire:test,investigation/raw/conservative-v2/01/safe/2/stdout.log,Maven + forked JVM stdout,db7fa0c8ea6849ed4db6666463398c77b4272eeb9e1612ff2292683c7692de89,2794,51,707,tiktoken 0.14.0 o200k_base
01,safe,3,1,True,True,expected: <30> but was: <13>,mvn -o -B -ntp -Dmaven.repo.local=/Users/hadiranjbar/Downloads/java/token.usage/investigation/.m2 -Pinvestigation -Dtest=FailureCasesTest -Dexperiment.case=01 -Dexperiment.artifactDir=/Users/hadiranjbar/Downloads/java/token.usage/investigation/raw/conservative-v2/01/safe/3 -Dexperiment.reportDir=/Users/hadiranjbar/Downloads/java/token.usage/investigation/raw/conservative-v2/01/safe/3/reports -Dspring.output.ansi.enabled=never -Dspring.profiles.active=agent -Dexperiment.deduplicate=true surefire:test,investigation/raw/conservative-v2/01/safe/3/reports/TEST-com.ai.token.experiment.FailureCasesTest.xml,test-runner report,e3c56cc20d87b4dff70d96362791adbff30659e16011f81b21665372d8657931,26425,83,8397,tiktoken 0.14.0 o200k_base
01,safe,3,1,True,True,expected: <30> but was: <13>,mvn -o -B -ntp -Dmaven.repo.local=/Users/hadiranjbar/Downloads/java/token.usage/investigation/.m2 -Pinvestigation -Dtest=FailureCasesTest -Dexperiment.case=01 -Dexperiment.artifactDir=/Users/hadiranjbar/Downloads/java/token.usage/investigation/raw/conservative-v2/01/safe/3 -Dexperiment.reportDir=/Users/hadiranjbar/Downloads/java/token.usage/investigation/raw/conservative-v2/01/safe/3/reports -Dspring.output.ansi.enabled=never -Dspring.profiles.active=agent -Dexperiment.deduplicate=true surefire:test,investigation/raw/conservative-v2/01/safe/3/reports/com.ai.token.experiment.FailureCasesTest.txt,test-runner report,1c9aca45f93ea0bbc0c0cb4bc711d9287259ea47ff533587f8829c62cc23609a,1003,13,215,tiktoken 0.14.0 o200k_base
01,safe,3,1,True,True,expected: <30> but was: <13>,mvn -o -B -ntp -Dmaven.repo.local=/Users/hadiranjbar/Downloads/java/token.usage/investigation/.m2 -Pinvestigation -Dtest=FailureCasesTest -Dexperiment.case=01 -Dexperiment.artifactDir=/Users/hadiranjbar/Downloads/java/token.usage/investigation/raw/conservative-v2/01/safe/3 -Dexperiment.reportDir=/Users/hadiranjbar/Downloads/java/token.usage/investigation/raw/conservative-v2/01/safe/3/reports -Dspring.output.ansi.enabled=never -Dspring.profiles.active=agent -Dexperiment.deduplicate=true surefire:test,investigation/raw/conservative-v2/01/safe/3/stderr.log,Maven + forked JVM stderr,e3b0c44298fc1c149afbf4c8996fb92427ae41e4649b934ca495991b7852b855,0,0,0,tiktoken 0.14.0 o200k_base
01,safe,3,1,True,True,expected: <30> but was: <13>,mvn -o -B -ntp -Dmaven.repo.local=/Users/hadiranjbar/Downloads/java/token.usage/investigation/.m2 -Pinvestigation -Dtest=FailureCasesTest -Dexperiment.case=01 -Dexperiment.artifactDir=/Users/hadiranjbar/Downloads/java/token.usage/investigation/raw/conservative-v2/01/safe/3 -Dexperiment.reportDir=/Users/hadiranjbar/Downloads/java/token.usage/investigation/raw/conservative-v2/01/safe/3/reports -Dspring.output.ansi.enabled=never -Dspring.profiles.active=agent -Dexperiment.deduplicate=true surefire:test,investigation/raw/conservative-v2/01/safe/3/stdout.log,Maven + forked JVM stdout,a5bf29d042ba337c7147b8572b829ca5140506a22044dfe6f550e0086b2daef4,2794,51,707,tiktoken 0.14.0 o200k_base
02,safe,1,1,True,True,cannot initialize client,mvn -o -B -ntp -Dmaven.repo.local=/Users/hadiranjbar/Downloads/java/token.usage/investigation/.m2 -Pinvestigation -Dtest=FailureCasesTest -Dexperiment.case=02 -Dexperiment.artifactDir=/Users/hadiranjbar/Downloads/java/token.usage/investigation/raw/conservative-v2/02/safe/1 -Dexperiment.reportDir=/Users/hadiranjbar/Downloads/java/token.usage/investigation/raw/conservative-v2/02/safe/1/reports -Dspring.output.ansi.enabled=never -Dspring.profiles.active=agent -Dexperiment.deduplicate=true surefire:test,investigation/raw/conservative-v2/02/safe/1/reports/TEST-com.ai.token.experiment.FailureCasesTest.xml,test-runner report,bfef6f9defa57e9542b57dee6063ab39194941891f7268d626dbe4c2b8365764,30312,139,9597,tiktoken 0.14.0 o200k_base
02,safe,1,1,True,True,cannot initialize client,mvn -o -B -ntp -Dmaven.repo.local=/Users/hadiranjbar/Downloads/java/token.usage/investigation/.m2 -Pinvestigation -Dtest=FailureCasesTest -Dexperiment.case=02 -Dexperiment.artifactDir=/Users/hadiranjbar/Downloads/java/token.usage/investigation/raw/conservative-v2/02/safe/1 -Dexperiment.reportDir=/Users/hadiranjbar/Downloads/java/token.usage/investigation/raw/conservative-v2/02/safe/1/reports -Dspring.output.ansi.enabled=never -Dspring.profiles.active=agent -Dexperiment.deduplicate=true surefire:test,investigation/raw/conservative-v2/02/safe/1/reports/com.ai.token.experiment.FailureCasesTest.txt,test-runner report,68c05f6581d94e98d9fb3549cbaa4d25949a25f1378f3d02274081edc4b8272d,1304,22,303,tiktoken 0.14.0 o200k_base
02,safe,1,1,True,True,cannot initialize client,mvn -o -B -ntp -Dmaven.repo.local=/Users/hadiranjbar/Downloads/java/token.usage/investigation/.m2 -Pinvestigation -Dtest=FailureCasesTest -Dexperiment.case=02 -Dexperiment.artifactDir=/Users/hadiranjbar/Downloads/java/token.usage/investigation/raw/conservative-v2/02/safe/1 -Dexperiment.reportDir=/Users/hadiranjbar/Downloads/java/token.usage/investigation/raw/conservative-v2/02/safe/1/reports -Dspring.output.ansi.enabled=never -Dspring.profiles.active=agent -Dexperiment.deduplicate=true surefire:test,investigation/raw/conservative-v2/02/safe/1/stderr.log,Maven + forked JVM stderr,e3b0c44298fc1c149afbf4c8996fb92427ae41e4649b934ca495991b7852b855,0,0,0,tiktoken 0.14.0 o200k_base
02,safe,1,1,True,True,cannot initialize client,mvn -o -B -ntp -Dmaven.repo.local=/Users/hadiranjbar/Downloads/java/token.usage/investigation/.m2 -Pinvestigation -Dtest=FailureCasesTest -Dexperiment.case=02 -Dexperiment.artifactDir=/Users/hadiranjbar/Downloads/java/token.usage/investigation/raw/conservative-v2/02/safe/1 -Dexperiment.reportDir=/Users/hadiranjbar/Downloads/java/token.usage/investigation/raw/conservative-v2/02/safe/1/reports -Dspring.output.ansi.enabled=never -Dspring.profiles.active=agent -Dexperiment.deduplicate=true surefire:test,investigation/raw/conservative-v2/02/safe/1/stdout.log,Maven + forked JVM stdout,aa2282a4c11c751a7fcef57350a3305a621ec9d9f5612e71ebcbdf3225040729,5851,99,1642,tiktoken 0.14.0 o200k_base
02,safe,2,1,True,True,cannot initialize client,mvn -o -B -ntp -Dmaven.repo.local=/Users/hadiranjbar/Downloads/java/token.usage/investigation/.m2 -Pinvestigation -Dtest=FailureCasesTest -Dexperiment.case=02 -Dexperiment.artifactDir=/Users/hadiranjbar/Downloads/java/token.usage/investigation/raw/conservative-v2/02/safe/2 -Dexperiment.reportDir=/Users/hadiranjbar/Downloads/java/token.usage/investigation/raw/conservative-v2/02/safe/2/reports -Dspring.output.ansi.enabled=never -Dspring.profiles.active=agent -Dexperiment.deduplicate=true surefire:test,investigation/raw/conservative-v2/02/safe/2/reports/TEST-com.ai.token.experiment.FailureCasesTest.xml,test-runner report,6e16898486d76c203f2afb76da30c99d12919e11329dcfafe86027bddfe02a24,30313,139,9597,tiktoken 0.14.0 o200k_base
02,safe,2,1,True,True,cannot initialize client,mvn -o -B -ntp -Dmaven.repo.local=/Users/hadiranjbar/Downloads/java/token.usage/investigation/.m2 -Pinvestigation -Dtest=FailureCasesTest -Dexperiment.case=02 -Dexperiment.artifactDir=/Users/hadiranjbar/Downloads/java/token.usage/investigation/raw/conservative-v2/02/safe/2 -Dexperiment.reportDir=/Users/hadiranjbar/Downloads/java/token.usage/investigation/raw/conservative-v2/02/safe/2/reports -Dspring.output.ansi.enabled=never -Dspring.profiles.active=agent -Dexperiment.deduplicate=true surefire:test,investigation/raw/conservative-v2/02/safe/2/reports/com.ai.token.experiment.FailureCasesTest.txt,test-runner report,2c440ae958e58a387133e727cc128862fbd1f1f03396bdd05fe406a8245fc3e4,1304,22,303,tiktoken 0.14.0 o200k_base
02,safe,2,1,True,True,cannot initialize client,mvn -o -B -ntp -Dmaven.repo.local=/Users/hadiranjbar/Downloads/java/token.usage/investigation/.m2 -Pinvestigation -Dtest=FailureCasesTest -Dexperiment.case=02 -Dexperiment.artifactDir=/Users/hadiranjbar/Downloads/java/token.usage/investigation/raw/conservative-v2/02/safe/2 -Dexperiment.reportDir=/Users/hadiranjbar/Downloads/java/token.usage/investigation/raw/conservative-v2/02/safe/2/reports -Dspring.output.ansi.enabled=never -Dspring.profiles.active=agent -Dexperiment.deduplicate=true surefire:test,investigation/raw/conservative-v2/02/safe/2/stderr.log,Maven + forked JVM stderr,e3b0c44298fc1c149afbf4c8996fb92427ae41e4649b934ca495991b7852b855,0,0,0,tiktoken 0.14.0 o200k_base
02,safe,2,1,True,True,cannot initialize client,mvn -o -B -ntp -Dmaven.repo.local=/Users/hadiranjbar/Downloads/java/token.usage/investigation/.m2 -Pinvestigation -Dtest=FailureCasesTest -Dexperiment.case=02 -Dexperiment.artifactDir=/Users/hadiranjbar/Downloads/java/token.usage/investigation/raw/conservative-v2/02/safe/2 -Dexperiment.reportDir=/Users/hadiranjbar/Downloads/java/token.usage/investigation/raw/conservative-v2/02/safe/2/reports -Dspring.output.ansi.enabled=never -Dspring.profiles.active=agent -Dexperiment.deduplicate=true surefire:test,investigation/raw/conservative-v2/02/safe/2/stdout.log,Maven + forked JVM stdout,4e0db3c10d3731b2a15bb2fc06e9ab114ab36b96227bab14d6a74f072abfadff,5852,99,1642,tiktoken 0.14.0 o200k_base
02,safe,3,1,True,True,cannot initialize client,mvn -o -B -ntp -Dmaven.repo.local=/Users/hadiranjbar/Downloads/java/token.usage/investigation/.m2 -Pinvestigation -Dtest=FailureCasesTest -Dexperiment.case=02 -Dexperiment.artifactDir=/Users/hadiranjbar/Downloads/java/token.usage/investigation/raw/conservative-v2/02/safe/3 -Dexperiment.reportDir=/Users/hadiranjbar/Downloads/java/token.usage/investigation/raw/conservative-v2/02/safe/3/reports -Dspring.output.ansi.enabled=never -Dspring.profiles.active=agent -Dexperiment.deduplicate=true surefire:test,investigation/raw/conservative-v2/02/safe/3/reports/TEST-com.ai.token.experiment.FailureCasesTest.xml,test-runner report,d5502d4a2bf9c93ae5bf34d7a78d5258f0e1b2ffa9717b4949177038ae5421c5,30313,139,9597,tiktoken 0.14.0 o200k_base
02,safe,3,1,True,True,cannot initialize client,mvn -o -B -ntp -Dmaven.repo.local=/Users/hadiranjbar/Downloads/java/token.usage/investigation/.m2 -Pinvestigation -Dtest=FailureCasesTest -Dexperiment.case=02 -Dexperiment.artifactDir=/Users/hadiranjbar/Downloads/java/token.usage/investigation/raw/conservative-v2/02/safe/3 -Dexperiment.reportDir=/Users/hadiranjbar/Downloads/java/token.usage/investigation/raw/conservative-v2/02/safe/3/reports -Dspring.output.ansi.enabled=never -Dspring.profiles.active=agent -Dexperiment.deduplicate=true surefire:test,investigation/raw/conservative-v2/02/safe/3/reports/com.ai.token.experiment.FailureCasesTest.txt,test-runner report,e609c698eb9dd56fa33af18e3d54b34ced8ba1b82713e82d3b73923bfccd3788,1304,22,303,tiktoken 0.14.0 o200k_base
02,safe,3,1,True,True,cannot initialize client,mvn -o -B -ntp -Dmaven.repo.local=/Users/hadiranjbar/Downloads/java/token.usage/investigation/.m2 -Pinvestigation -Dtest=FailureCasesTest -Dexperiment.case=02 -Dexperiment.artifactDir=/Users/hadiranjbar/Downloads/java/token.usage/investigation/raw/conservative-v2/02/safe/3 -Dexperiment.reportDir=/Users/hadiranjbar/Downloads/java/token.usage/investigation/raw/conservative-v2/02/safe/3/reports -Dspring.output.ansi.enabled=never -Dspring.profiles.active=agent -Dexperiment.deduplicate=true surefire:test,investigation/raw/conservative-v2/02/safe/3/stderr.log,Maven + forked JVM stderr,e3b0c44298fc1c149afbf4c8996fb92427ae41e4649b934ca495991b7852b855,0,0,0,tiktoken 0.14.0 o200k_base
02,safe,3,1,True,True,cannot initialize client,mvn -o -B -ntp -Dmaven.repo.local=/Users/hadiranjbar/Downloads/java/token.usage/investigation/.m2 -Pinvestigation -Dtest=FailureCasesTest -Dexperiment.case=02 -Dexperiment.artifactDir=/Users/hadiranjbar/Downloads/java/token.usage/investigation/raw/conservative-v2/02/safe/3 -Dexperiment.reportDir=/Users/hadiranjbar/Downloads/java/token.usage/investigation/raw/conservative-v2/02/safe/3/reports -Dspring.output.ansi.enabled=never -Dspring.profiles.active=agent -Dexperiment.deduplicate=true surefire:test,investigation/raw/conservative-v2/02/safe/3/stdout.log,Maven + forked JVM stdout,6ecc4c815a202e072a5afb42b2aff2c9b524f02530171e6971d72a3539e410b5,5852,99,1642,tiktoken 0.14.0 o200k_base
03,safe,1,1,True,True,expected: <200> but was: <400>,mvn -o -B -ntp -Dmaven.repo.local=/Users/hadiranjbar/Downloads/java/token.usage/investigation/.m2 -Pinvestigation -Dtest=FailureCasesTest -Dexperiment.case=03 -Dexperiment.artifactDir=/Users/hadiranjbar/Downloads/java/token.usage/investigation/raw/conservative-v2/03/safe/1 -Dexperiment.reportDir=/Users/hadiranjbar/Downloads/java/token.usage/investigation/raw/conservative-v2/03/safe/1/reports -Dspring.output.ansi.enabled=never -Dspring.profiles.active=agent -Dexperiment.deduplicate=true surefire:test,investigation/raw/conservative-v2/03/safe/1/reports/TEST-com.ai.token.experiment.FailureCasesTest.xml,test-runner report,ac6f6f527dc4ab466503c4f2388ace922e212709efbb62a48cc905c79081b009,34292,154,10639,tiktoken 0.14.0 o200k_base
03,safe,1,1,True,True,expected: <200> but was: <400>,mvn -o -B -ntp -Dmaven.repo.local=/Users/hadiranjbar/Downloads/java/token.usage/investigation/.m2 -Pinvestigation -Dtest=FailureCasesTest -Dexperiment.case=03 -Dexperiment.artifactDir=/Users/hadiranjbar/Downloads/java/token.usage/investigation/raw/conservative-v2/03/safe/1 -Dexperiment.reportDir=/Users/hadiranjbar/Downloads/java/token.usage/investigation/raw/conservative-v2/03/safe/1/reports -Dspring.output.ansi.enabled=never -Dspring.profiles.active=agent -Dexperiment.deduplicate=true surefire:test,investigation/raw/conservative-v2/03/safe/1/reports/com.ai.token.experiment.FailureCasesTest.txt,test-runner report,0d211673671e350c5603226772bbf0a92776da2b51279d2148576a067f53f4f0,1016,13,217,tiktoken 0.14.0 o200k_base
03,safe,1,1,True,True,expected: <200> but was: <400>,mvn -o -B -ntp -Dmaven.repo.local=/Users/hadiranjbar/Downloads/java/token.usage/investigation/.m2 -Pinvestigation -Dtest=FailureCasesTest -Dexperiment.case=03 -Dexperiment.artifactDir=/Users/hadiranjbar/Downloads/java/token.usage/investigation/raw/conservative-v2/03/safe/1 -Dexperiment.reportDir=/Users/hadiranjbar/Downloads/java/token.usage/investigation/raw/conservative-v2/03/safe/1/reports -Dspring.output.ansi.enabled=never -Dspring.profiles.active=agent -Dexperiment.deduplicate=true surefire:test,investigation/raw/conservative-v2/03/safe/1/stderr.log,Maven + forked JVM stderr,e3b0c44298fc1c149afbf4c8996fb92427ae41e4649b934ca495991b7852b855,0,0,0,tiktoken 0.14.0 o200k_base
03,safe,1,1,True,True,expected: <200> but was: <400>,mvn -o -B -ntp -Dmaven.repo.local=/Users/hadiranjbar/Downloads/java/token.usage/investigation/.m2 -Pinvestigation -Dtest=FailureCasesTest -Dexperiment.case=03 -Dexperiment.artifactDir=/Users/hadiranjbar/Downloads/java/token.usage/investigation/raw/conservative-v2/03/safe/1 -Dexperiment.reportDir=/Users/hadiranjbar/Downloads/java/token.usage/investigation/raw/conservative-v2/03/safe/1/reports -Dspring.output.ansi.enabled=never -Dspring.profiles.active=agent -Dexperiment.deduplicate=true surefire:test,investigation/raw/conservative-v2/03/safe/1/stdout.log,Maven + forked JVM stdout,cc0b3f00fd945b571ce6442cdfe817f2811bbb8a7c9687c92969b93e6cee6a64,9822,114,2673,tiktoken 0.14.0 o200k_base
03,safe,2,1,True,True,expected: <200> but was: <400>,mvn -o -B -ntp -Dmaven.repo.local=/Users/hadiranjbar/Downloads/java/token.usage/investigation/.m2 -Pinvestigation -Dtest=FailureCasesTest -Dexperiment.case=03 -Dexperiment.artifactDir=/Users/hadiranjbar/Downloads/java/token.usage/investigation/raw/conservative-v2/03/safe/2 -Dexperiment.reportDir=/Users/hadiranjbar/Downloads/java/token.usage/investigation/raw/conservative-v2/03/safe/2/reports -Dspring.output.ansi.enabled=never -Dspring.profiles.active=agent -Dexperiment.deduplicate=true surefire:test,investigation/raw/conservative-v2/03/safe/2/reports/TEST-com.ai.token.experiment.FailureCasesTest.xml,test-runner report,daf902ce003e454b40f427e0bba64d0b0bbfda3505be66044bab306b0007e477,34290,154,10638,tiktoken 0.14.0 o200k_base
03,safe,2,1,True,True,expected: <200> but was: <400>,mvn -o -B -ntp -Dmaven.repo.local=/Users/hadiranjbar/Downloads/java/token.usage/investigation/.m2 -Pinvestigation -Dtest=FailureCasesTest -Dexperiment.case=03 -Dexperiment.artifactDir=/Users/hadiranjbar/Downloads/java/token.usage/investigation/raw/conservative-v2/03/safe/2 -Dexperiment.reportDir=/Users/hadiranjbar/Downloads/java/token.usage/investigation/raw/conservative-v2/03/safe/2/reports -Dspring.output.ansi.enabled=never -Dspring.profiles.active=agent -Dexperiment.deduplicate=true surefire:test,investigation/raw/conservative-v2/03/safe/2/reports/com.ai.token.experiment.FailureCasesTest.txt,test-runner report,c58866cb8e7dc29fdc3e03220f70ef0f83408eff2520f4062223260f8854cea6,1016,13,217,tiktoken 0.14.0 o200k_base
03,safe,2,1,True,True,expected: <200> but was: <400>,mvn -o -B -ntp -Dmaven.repo.local=/Users/hadiranjbar/Downloads/java/token.usage/investigation/.m2 -Pinvestigation -Dtest=FailureCasesTest -Dexperiment.case=03 -Dexperiment.artifactDir=/Users/hadiranjbar/Downloads/java/token.usage/investigation/raw/conservative-v2/03/safe/2 -Dexperiment.reportDir=/Users/hadiranjbar/Downloads/java/token.usage/investigation/raw/conservative-v2/03/safe/2/reports -Dspring.output.ansi.enabled=never -Dspring.profiles.active=agent -Dexperiment.deduplicate=true surefire:test,investigation/raw/conservative-v2/03/safe/2/stderr.log,Maven + forked JVM stderr,e3b0c44298fc1c149afbf4c8996fb92427ae41e4649b934ca495991b7852b855,0,0,0,tiktoken 0.14.0 o200k_base
03,safe,2,1,True,True,expected: <200> but was: <400>,mvn -o -B -ntp -Dmaven.repo.local=/Users/hadiranjbar/Downloads/java/token.usage/investigation/.m2 -Pinvestigation -Dtest=FailureCasesTest -Dexperiment.case=03 -Dexperiment.artifactDir=/Users/hadiranjbar/Downloads/java/token.usage/investigation/raw/conservative-v2/03/safe/2 -Dexperiment.reportDir=/Users/hadiranjbar/Downloads/java/token.usage/investigation/raw/conservative-v2/03/safe/2/reports -Dspring.output.ansi.enabled=never -Dspring.profiles.active=agent -Dexperiment.deduplicate=true surefire:test,investigation/raw/conservative-v2/03/safe/2/stdout.log,Maven + forked JVM stdout,ad1c7f42174abf97cb8c07d7dda8b15b4f77ae818288f341f452370b174c2ab2,9822,114,2673,tiktoken 0.14.0 o200k_base
03,safe,3,1,True,True,expected: <200> but was: <400>,mvn -o -B -ntp -Dmaven.repo.local=/Users/hadiranjbar/Downloads/java/token.usage/investigation/.m2 -Pinvestigation -Dtest=FailureCasesTest -Dexperiment.case=03 -Dexperiment.artifactDir=/Users/hadiranjbar/Downloads/java/token.usage/investigation/raw/conservative-v2/03/safe/3 -Dexperiment.reportDir=/Users/hadiranjbar/Downloads/java/token.usage/investigation/raw/conservative-v2/03/safe/3/reports -Dspring.output.ansi.enabled=never -Dspring.profiles.active=agent -Dexperiment.deduplicate=true surefire:test,investigation/raw/conservative-v2/03/safe/3/reports/TEST-com.ai.token.experiment.FailureCasesTest.xml,test-runner report,32b06d5fb30632b5006ca4cf13a0462e00a33509cd6a2dab9c69a2354efc7d3a,34294,154,10639,tiktoken 0.14.0 o200k_base
03,safe,3,1,True,True,expected: <200> but was: <400>,mvn -o -B -ntp -Dmaven.repo.local=/Users/hadiranjbar/Downloads/java/token.usage/investigation/.m2 -Pinvestigation -Dtest=FailureCasesTest -Dexperiment.case=03 -Dexperiment.artifactDir=/Users/hadiranjbar/Downloads/java/token.usage/investigation/raw/conservative-v2/03/safe/3 -Dexperiment.reportDir=/Users/hadiranjbar/Downloads/java/token.usage/investigation/raw/conservative-v2/03/safe/3/reports -Dspring.output.ansi.enabled=never -Dspring.profiles.active=agent -Dexperiment.deduplicate=true surefire:test,investigation/raw/conservative-v2/03/safe/3/reports/com.ai.token.experiment.FailureCasesTest.txt,test-runner report,ef2d4e5b39457c8e73c1705a4b89315c0cea1c95f6576c30a92da8bc023223d0,1016,13,217,tiktoken 0.14.0 o200k_base
03,safe,3,1,True,True,expected: <200> but was: <400>,mvn -o -B -ntp -Dmaven.repo.local=/Users/hadiranjbar/Downloads/java/token.usage/investigation/.m2 -Pinvestigation -Dtest=FailureCasesTest -Dexperiment.case=03 -Dexperiment.artifactDir=/Users/hadiranjbar/Downloads/java/token.usage/investigation/raw/conservative-v2/03/safe/3 -Dexperiment.reportDir=/Users/hadiranjbar/Downloads/java/token.usage/investigation/raw/conservative-v2/03/safe/3/reports -Dspring.output.ansi.enabled=never -Dspring.profiles.active=agent -Dexperiment.deduplicate=true surefire:test,investigation/raw/conservative-v2/03/safe/3/stderr.log,Maven + forked JVM stderr,e3b0c44298fc1c149afbf4c8996fb92427ae41e4649b934ca495991b7852b855,0,0,0,tiktoken 0.14.0 o200k_base
03,safe,3,1,True,True,expected: <200> but was: <400>,mvn -o -B -ntp -Dmaven.repo.local=/Users/hadiranjbar/Downloads/java/token.usage/investigation/.m2 -Pinvestigation -Dtest=FailureCasesTest -Dexperiment.case=03 -Dexperiment.artifactDir=/Users/hadiranjbar/Downloads/java/token.usage/investigation/raw/conservative-v2/03/safe/3 -Dexperiment.reportDir=/Users/hadiranjbar/Downloads/java/token.usage/investigation/raw/conservative-v2/03/safe/3/reports -Dspring.output.ansi.enabled=never -Dspring.profiles.active=agent -Dexperiment.deduplicate=true surefire:test,investigation/raw/conservative-v2/03/safe/3/stdout.log,Maven + forked JVM stdout,18035ee0cae4b6d492d9977efff8a395217b26e469bb2ee17c6ffe9ae85b9195,9822,114,2673,tiktoken 0.14.0 o200k_base
04,safe,1,1,True,True,Error creating bean with name 'port',mvn -o -B -ntp -Dmaven.repo.local=/Users/hadiranjbar/Downloads/java/token.usage/investigation/.m2 -Pinvestigation -Dtest=FailureCasesTest -Dexperiment.case=04 -Dexperiment.artifactDir=/Users/hadiranjbar/Downloads/java/token.usage/investigation/raw/conservative-v2/04/safe/1 -Dexperiment.reportDir=/Users/hadiranjbar/Downloads/java/token.usage/investigation/raw/conservative-v2/04/safe/1/reports -Dspring.output.ansi.enabled=never -Dspring.profiles.active=agent -Dexperiment.deduplicate=true surefire:test,investigation/raw/conservative-v2/04/safe/1/reports/TEST-com.ai.token.experiment.FailureCasesTest.xml,test-runner report,0675c226620bec1f41ae31cad947cd4dbc80a43356d2e2bf855fed08829d427c,38262,190,11367,tiktoken 0.14.0 o200k_base
04,safe,1,1,True,True,Error creating bean with name 'port',mvn -o -B -ntp -Dmaven.repo.local=/Users/hadiranjbar/Downloads/java/token.usage/investigation/.m2 -Pinvestigation -Dtest=FailureCasesTest -Dexperiment.case=04 -Dexperiment.artifactDir=/Users/hadiranjbar/Downloads/java/token.usage/investigation/raw/conservative-v2/04/safe/1 -Dexperiment.reportDir=/Users/hadiranjbar/Downloads/java/token.usage/investigation/raw/conservative-v2/04/safe/1/reports -Dspring.output.ansi.enabled=never -Dspring.profiles.active=agent -Dexperiment.deduplicate=true surefire:test,investigation/raw/conservative-v2/04/safe/1/reports/com.ai.token.experiment.FailureCasesTest.txt,test-runner report,e6fcc4ad883d5e1db414e0913f99f7671b20387770030e08977f0c73d865ae77,4323,41,807,tiktoken 0.14.0 o200k_base
04,safe,1,1,True,True,Error creating bean with name 'port',mvn -o -B -ntp -Dmaven.repo.local=/Users/hadiranjbar/Downloads/java/token.usage/investigation/.m2 -Pinvestigation -Dtest=FailureCasesTest -Dexperiment.case=04 -Dexperiment.artifactDir=/Users/hadiranjbar/Downloads/java/token.usage/investigation/raw/conservative-v2/04/safe/1 -Dexperiment.reportDir=/Users/hadiranjbar/Downloads/java/token.usage/investigation/raw/conservative-v2/04/safe/1/reports -Dspring.output.ansi.enabled=never -Dspring.profiles.active=agent -Dexperiment.deduplicate=true surefire:test,investigation/raw/conservative-v2/04/safe/1/stderr.log,Maven + forked JVM stderr,e3b0c44298fc1c149afbf4c8996fb92427ae41e4649b934ca495991b7852b855,0,0,0,tiktoken 0.14.0 o200k_base
04,safe,1,1,True,True,Error creating bean with name 'port',mvn -o -B -ntp -Dmaven.repo.local=/Users/hadiranjbar/Downloads/java/token.usage/investigation/.m2 -Pinvestigation -Dtest=FailureCasesTest -Dexperiment.case=04 -Dexperiment.artifactDir=/Users/hadiranjbar/Downloads/java/token.usage/investigation/raw/conservative-v2/04/safe/1 -Dexperiment.reportDir=/Users/hadiranjbar/Downloads/java/token.usage/investigation/raw/conservative-v2/04/safe/1/reports -Dspring.output.ansi.enabled=never -Dspring.profiles.active=agent -Dexperiment.deduplicate=true surefire:test,investigation/raw/conservative-v2/04/safe/1/stdout.log,Maven + forked JVM stdout,335c497e260741284f416e80207ca903ce9425d0919ee3c499005838506aaeb0,13751,150,3403,tiktoken 0.14.0 o200k_base
04,safe,2,1,True,True,Error creating bean with name 'port',mvn -o -B -ntp -Dmaven.repo.local=/Users/hadiranjbar/Downloads/java/token.usage/investigation/.m2 -Pinvestigation -Dtest=FailureCasesTest -Dexperiment.case=04 -Dexperiment.artifactDir=/Users/hadiranjbar/Downloads/java/token.usage/investigation/raw/conservative-v2/04/safe/2 -Dexperiment.reportDir=/Users/hadiranjbar/Downloads/java/token.usage/investigation/raw/conservative-v2/04/safe/2/reports -Dspring.output.ansi.enabled=never -Dspring.profiles.active=agent -Dexperiment.deduplicate=true surefire:test,investigation/raw/conservative-v2/04/safe/2/reports/TEST-com.ai.token.experiment.FailureCasesTest.xml,test-runner report,118bda430bce007c3e6b325c6803f1b18e4c2aec981f6bc2e27b13d2a535c728,38261,190,11367,tiktoken 0.14.0 o200k_base
04,safe,2,1,True,True,Error creating bean with name 'port',mvn -o -B -ntp -Dmaven.repo.local=/Users/hadiranjbar/Downloads/java/token.usage/investigation/.m2 -Pinvestigation -Dtest=FailureCasesTest -Dexperiment.case=04 -Dexperiment.artifactDir=/Users/hadiranjbar/Downloads/java/token.usage/investigation/raw/conservative-v2/04/safe/2 -Dexperiment.reportDir=/Users/hadiranjbar/Downloads/java/token.usage/investigation/raw/conservative-v2/04/safe/2/reports -Dspring.output.ansi.enabled=never -Dspring.profiles.active=agent -Dexperiment.deduplicate=true surefire:test,investigation/raw/conservative-v2/04/safe/2/reports/com.ai.token.experiment.FailureCasesTest.txt,test-runner report,45600c07e1913d8bfca7bee679b4dcec1e101103fc078d8c5fc1ed316227b867,4323,41,807,tiktoken 0.14.0 o200k_base
04,safe,2,1,True,True,Error creating bean with name 'port',mvn -o -B -ntp -Dmaven.repo.local=/Users/hadiranjbar/Downloads/java/token.usage/investigation/.m2 -Pinvestigation -Dtest=FailureCasesTest -Dexperiment.case=04 -Dexperiment.artifactDir=/Users/hadiranjbar/Downloads/java/token.usage/investigation/raw/conservative-v2/04/safe/2 -Dexperiment.reportDir=/Users/hadiranjbar/Downloads/java/token.usage/investigation/raw/conservative-v2/04/safe/2/reports -Dspring.output.ansi.enabled=never -Dspring.profiles.active=agent -Dexperiment.deduplicate=true surefire:test,investigation/raw/conservative-v2/04/safe/2/stderr.log,Maven + forked JVM stderr,e3b0c44298fc1c149afbf4c8996fb92427ae41e4649b934ca495991b7852b855,0,0,0,tiktoken 0.14.0 o200k_base
04,safe,2,1,True,True,Error creating bean with name 'port',mvn -o -B -ntp -Dmaven.repo.local=/Users/hadiranjbar/Downloads/java/token.usage/investigation/.m2 -Pinvestigation -Dtest=FailureCasesTest -Dexperiment.case=04 -Dexperiment.artifactDir=/Users/hadiranjbar/Downloads/java/token.usage/investigation/raw/conservative-v2/04/safe/2 -Dexperiment.reportDir=/Users/hadiranjbar/Downloads/java/token.usage/investigation/raw/conservative-v2/04/safe/2/reports -Dspring.output.ansi.enabled=never -Dspring.profiles.active=agent -Dexperiment.deduplicate=true surefire:test,investigation/raw/conservative-v2/04/safe/2/stdout.log,Maven + forked JVM stdout,924109838cbc6dfd3bfe78e100728f205fe8002a41faff439c99aea4317d50b8,13751,150,3403,tiktoken 0.14.0 o200k_base
04,safe,3,1,True,True,Error creating bean with name 'port',mvn -o -B -ntp -Dmaven.repo.local=/Users/hadiranjbar/Downloads/java/token.usage/investigation/.m2 -Pinvestigation -Dtest=FailureCasesTest -Dexperiment.case=04 -Dexperiment.artifactDir=/Users/hadiranjbar/Downloads/java/token.usage/investigation/raw/conservative-v2/04/safe/3 -Dexperiment.reportDir=/Users/hadiranjbar/Downloads/java/token.usage/investigation/raw/conservative-v2/04/safe/3/reports -Dspring.output.ansi.enabled=never -Dspring.profiles.active=agent -Dexperiment.deduplicate=true surefire:test,investigation/raw/conservative-v2/04/safe/3/reports/TEST-com.ai.token.experiment.FailureCasesTest.xml,test-runner report,f707ad8dabdbdb6d5a58496019d1409f49aca60bc17f959ea29a5d657cee455d,38265,190,11368,tiktoken 0.14.0 o200k_base
04,safe,3,1,True,True,Error creating bean with name 'port',mvn -o -B -ntp -Dmaven.repo.local=/Users/hadiranjbar/Downloads/java/token.usage/investigation/.m2 -Pinvestigation -Dtest=FailureCasesTest -Dexperiment.case=04 -Dexperiment.artifactDir=/Users/hadiranjbar/Downloads/java/token.usage/investigation/raw/conservative-v2/04/safe/3 -Dexperiment.reportDir=/Users/hadiranjbar/Downloads/java/token.usage/investigation/raw/conservative-v2/04/safe/3/reports -Dspring.output.ansi.enabled=never -Dspring.profiles.active=agent -Dexperiment.deduplicate=true surefire:test,investigation/raw/conservative-v2/04/safe/3/reports/com.ai.token.experiment.FailureCasesTest.txt,test-runner report,f6f2529d8beef649cafc091027436f65a0fc4b3ccde9bb1210ef0181abff1501,4323,41,807,tiktoken 0.14.0 o200k_base
04,safe,3,1,True,True,Error creating bean with name 'port',mvn -o -B -ntp -Dmaven.repo.local=/Users/hadiranjbar/Downloads/java/token.usage/investigation/.m2 -Pinvestigation -Dtest=FailureCasesTest -Dexperiment.case=04 -Dexperiment.artifactDir=/Users/hadiranjbar/Downloads/java/token.usage/investigation/raw/conservative-v2/04/safe/3 -Dexperiment.reportDir=/Users/hadiranjbar/Downloads/java/token.usage/investigation/raw/conservative-v2/04/safe/3/reports -Dspring.output.ansi.enabled=never -Dspring.profiles.active=agent -Dexperiment.deduplicate=true surefire:test,investigation/raw/conservative-v2/04/safe/3/stderr.log,Maven + forked JVM stderr,e3b0c44298fc1c149afbf4c8996fb92427ae41e4649b934ca495991b7852b855,0,0,0,tiktoken 0.14.0 o200k_base
04,safe,3,1,True,True,Error creating bean with name 'port',mvn -o -B -ntp -Dmaven.repo.local=/Users/hadiranjbar/Downloads/java/token.usage/investigation/.m2 -Pinvestigation -Dtest=FailureCasesTest -Dexperiment.case=04 -Dexperiment.artifactDir=/Users/hadiranjbar/Downloads/java/token.usage/investigation/raw/conservative-v2/04/safe/3 -Dexperiment.reportDir=/Users/hadiranjbar/Downloads/java/token.usage/investigation/raw/conservative-v2/04/safe/3/reports -Dspring.output.ansi.enabled=never -Dspring.profiles.active=agent -Dexperiment.deduplicate=true surefire:test,investigation/raw/conservative-v2/04/safe/3/stdout.log,Maven + forked JVM stdout,b49918833f29d29c19fe74a07a2cbeaf519a9362db95b496e4abe7dbf7cc915b,13750,150,3403,tiktoken 0.14.0 o200k_base
05,safe,1,1,True,True,Unique index or primary key violation,mvn -o -B -ntp -Dmaven.repo.local=/Users/hadiranjbar/Downloads/java/token.usage/investigation/.m2 -Pinvestigation -Dtest=FailureCasesTest -Dexperiment.case=05 -Dexperiment.artifactDir=/Users/hadiranjbar/Downloads/java/token.usage/investigation/raw/conservative-v2/05/safe/1 -Dexperiment.reportDir=/Users/hadiranjbar/Downloads/java/token.usage/investigation/raw/conservative-v2/05/safe/1/reports -Dspring.output.ansi.enabled=never -Dspring.profiles.active=agent -Dexperiment.deduplicate=true surefire:test,investigation/raw/conservative-v2/05/safe/1/reports/TEST-com.ai.token.experiment.FailureCasesTest.xml,test-runner report,ac047657370600730af586e1e20d3d94591f792513f8a6419092546d7e977195,29510,119,9372,tiktoken 0.14.0 o200k_base
05,safe,1,1,True,True,Unique index or primary key violation,mvn -o -B -ntp -Dmaven.repo.local=/Users/hadiranjbar/Downloads/java/token.usage/investigation/.m2 -Pinvestigation -Dtest=FailureCasesTest -Dexperiment.case=05 -Dexperiment.artifactDir=/Users/hadiranjbar/Downloads/java/token.usage/investigation/raw/conservative-v2/05/safe/1 -Dexperiment.reportDir=/Users/hadiranjbar/Downloads/java/token.usage/investigation/raw/conservative-v2/05/safe/1/reports -Dspring.output.ansi.enabled=never -Dspring.profiles.active=agent -Dexperiment.deduplicate=true surefire:test,investigation/raw/conservative-v2/05/safe/1/reports/com.ai.token.experiment.FailureCasesTest.txt,test-runner report,b759f52b316fb258aebf8726a2f7d59f2c94ecbb436dbbba92716535ed10e391,1930,27,456,tiktoken 0.14.0 o200k_base
05,safe,1,1,True,True,Unique index or primary key violation,mvn -o -B -ntp -Dmaven.repo.local=/Users/hadiranjbar/Downloads/java/token.usage/investigation/.m2 -Pinvestigation -Dtest=FailureCasesTest -Dexperiment.case=05 -Dexperiment.artifactDir=/Users/hadiranjbar/Downloads/java/token.usage/investigation/raw/conservative-v2/05/safe/1 -Dexperiment.reportDir=/Users/hadiranjbar/Downloads/java/token.usage/investigation/raw/conservative-v2/05/safe/1/reports -Dspring.output.ansi.enabled=never -Dspring.profiles.active=agent -Dexperiment.deduplicate=true surefire:test,investigation/raw/conservative-v2/05/safe/1/stderr.log,Maven + forked JVM stderr,e3b0c44298fc1c149afbf4c8996fb92427ae41e4649b934ca495991b7852b855,0,0,0,tiktoken 0.14.0 o200k_base
05,safe,1,1,True,True,Unique index or primary key violation,mvn -o -B -ntp -Dmaven.repo.local=/Users/hadiranjbar/Downloads/java/token.usage/investigation/.m2 -Pinvestigation -Dtest=FailureCasesTest -Dexperiment.case=05 -Dexperiment.artifactDir=/Users/hadiranjbar/Downloads/java/token.usage/investigation/raw/conservative-v2/05/safe/1 -Dexperiment.reportDir=/Users/hadiranjbar/Downloads/java/token.usage/investigation/raw/conservative-v2/05/safe/1/reports -Dspring.output.ansi.enabled=never -Dspring.profiles.active=agent -Dexperiment.deduplicate=true surefire:test,investigation/raw/conservative-v2/05/safe/1/stdout.log,Maven + forked JVM stdout,83eb0e28d17a452fceea0f477e0f259ce13ee9ee117f3e8be501728fd279d2d0,5023,80,1404,tiktoken 0.14.0 o200k_base
05,safe,2,1,True,True,Unique index or primary key violation,mvn -o -B -ntp -Dmaven.repo.local=/Users/hadiranjbar/Downloads/java/token.usage/investigation/.m2 -Pinvestigation -Dtest=FailureCasesTest -Dexperiment.case=05 -Dexperiment.artifactDir=/Users/hadiranjbar/Downloads/java/token.usage/investigation/raw/conservative-v2/05/safe/2 -Dexperiment.reportDir=/Users/hadiranjbar/Downloads/java/token.usage/investigation/raw/conservative-v2/05/safe/2/reports -Dspring.output.ansi.enabled=never -Dspring.profiles.active=agent -Dexperiment.deduplicate=true surefire:test,investigation/raw/conservative-v2/05/safe/2/reports/TEST-com.ai.token.experiment.FailureCasesTest.xml,test-runner report,5b75f0800ee0c3c09204af3a9aefbda95001ae2d90ff0db104b18e035196def6,29505,119,9371,tiktoken 0.14.0 o200k_base
05,safe,2,1,True,True,Unique index or primary key violation,mvn -o -B -ntp -Dmaven.repo.local=/Users/hadiranjbar/Downloads/java/token.usage/investigation/.m2 -Pinvestigation -Dtest=FailureCasesTest -Dexperiment.case=05 -Dexperiment.artifactDir=/Users/hadiranjbar/Downloads/java/token.usage/investigation/raw/conservative-v2/05/safe/2 -Dexperiment.reportDir=/Users/hadiranjbar/Downloads/java/token.usage/investigation/raw/conservative-v2/05/safe/2/reports -Dspring.output.ansi.enabled=never -Dspring.profiles.active=agent -Dexperiment.deduplicate=true surefire:test,investigation/raw/conservative-v2/05/safe/2/reports/com.ai.token.experiment.FailureCasesTest.txt,test-runner report,db8f0f8391c8596d1ff35c851c0bd18ee504bf4ed55fb1449edc7632b946aca2,1930,27,456,tiktoken 0.14.0 o200k_base
05,safe,2,1,True,True,Unique index or primary key violation,mvn -o -B -ntp -Dmaven.repo.local=/Users/hadiranjbar/Downloads/java/token.usage/investigation/.m2 -Pinvestigation -Dtest=FailureCasesTest -Dexperiment.case=05 -Dexperiment.artifactDir=/Users/hadiranjbar/Downloads/java/token.usage/investigation/raw/conservative-v2/05/safe/2 -Dexperiment.reportDir=/Users/hadiranjbar/Downloads/java/token.usage/investigation/raw/conservative-v2/05/safe/2/reports -Dspring.output.ansi.enabled=never -Dspring.profiles.active=agent -Dexperiment.deduplicate=true surefire:test,investigation/raw/conservative-v2/05/safe/2/stderr.log,Maven + forked JVM stderr,e3b0c44298fc1c149afbf4c8996fb92427ae41e4649b934ca495991b7852b855,0,0,0,tiktoken 0.14.0 o200k_base
05,safe,2,1,True,True,Unique index or primary key violation,mvn -o -B -ntp -Dmaven.repo.local=/Users/hadiranjbar/Downloads/java/token.usage/investigation/.m2 -Pinvestigation -Dtest=FailureCasesTest -Dexperiment.case=05 -Dexperiment.artifactDir=/Users/hadiranjbar/Downloads/java/token.usage/investigation/raw/conservative-v2/05/safe/2 -Dexperiment.reportDir=/Users/hadiranjbar/Downloads/java/token.usage/investigation/raw/conservative-v2/05/safe/2/reports -Dspring.output.ansi.enabled=never -Dspring.profiles.active=agent -Dexperiment.deduplicate=true surefire:test,investigation/raw/conservative-v2/05/safe/2/stdout.log,Maven + forked JVM stdout,11fd246335eb8e55a524498f74c27da548296a4b814489f28373e7dfbd16211d,5022,80,1404,tiktoken 0.14.0 o200k_base
05,safe,3,1,True,True,Unique index or primary key violation,mvn -o -B -ntp -Dmaven.repo.local=/Users/hadiranjbar/Downloads/java/token.usage/investigation/.m2 -Pinvestigation -Dtest=FailureCasesTest -Dexperiment.case=05 -Dexperiment.artifactDir=/Users/hadiranjbar/Downloads/java/token.usage/investigation/raw/conservative-v2/05/safe/3 -Dexperiment.reportDir=/Users/hadiranjbar/Downloads/java/token.usage/investigation/raw/conservative-v2/05/safe/3/reports -Dspring.output.ansi.enabled=never -Dspring.profiles.active=agent -Dexperiment.deduplicate=true surefire:test,investigation/raw/conservative-v2/05/safe/3/reports/TEST-com.ai.token.experiment.FailureCasesTest.xml,test-runner report,5679c73f7f5a490e1a4dee955285c04e14bc890e0a578fa0d27d16b53a2bd05c,29506,119,9371,tiktoken 0.14.0 o200k_base
05,safe,3,1,True,True,Unique index or primary key violation,mvn -o -B -ntp -Dmaven.repo.local=/Users/hadiranjbar/Downloads/java/token.usage/investigation/.m2 -Pinvestigation -Dtest=FailureCasesTest -Dexperiment.case=05 -Dexperiment.artifactDir=/Users/hadiranjbar/Downloads/java/token.usage/investigation/raw/conservative-v2/05/safe/3 -Dexperiment.reportDir=/Users/hadiranjbar/Downloads/java/token.usage/investigation/raw/conservative-v2/05/safe/3/reports -Dspring.output.ansi.enabled=never -Dspring.profiles.active=agent -Dexperiment.deduplicate=true surefire:test,investigation/raw/conservative-v2/05/safe/3/reports/com.ai.token.experiment.FailureCasesTest.txt,test-runner report,57b5bb2627158a047eea14e1bf2d96f3c0165166b22dc518b58a6e09d54ba91c,1930,27,456,tiktoken 0.14.0 o200k_base
05,safe,3,1,True,True,Unique index or primary key violation,mvn -o -B -ntp -Dmaven.repo.local=/Users/hadiranjbar/Downloads/java/token.usage/investigation/.m2 -Pinvestigation -Dtest=FailureCasesTest -Dexperiment.case=05 -Dexperiment.artifactDir=/Users/hadiranjbar/Downloads/java/token.usage/investigation/raw/conservative-v2/05/safe/3 -Dexperiment.reportDir=/Users/hadiranjbar/Downloads/java/token.usage/investigation/raw/conservative-v2/05/safe/3/reports -Dspring.output.ansi.enabled=never -Dspring.profiles.active=agent -Dexperiment.deduplicate=true surefire:test,investigation/raw/conservative-v2/05/safe/3/stderr.log,Maven + forked JVM stderr,e3b0c44298fc1c149afbf4c8996fb92427ae41e4649b934ca495991b7852b855,0,0,0,tiktoken 0.14.0 o200k_base
05,safe,3,1,True,True,Unique index or primary key violation,mvn -o -B -ntp -Dmaven.repo.local=/Users/hadiranjbar/Downloads/java/token.usage/investigation/.m2 -Pinvestigation -Dtest=FailureCasesTest -Dexperiment.case=05 -Dexperiment.artifactDir=/Users/hadiranjbar/Downloads/java/token.usage/investigation/raw/conservative-v2/05/safe/3 -Dexperiment.reportDir=/Users/hadiranjbar/Downloads/java/token.usage/investigation/raw/conservative-v2/05/safe/3/reports -Dspring.output.ansi.enabled=never -Dspring.profiles.active=agent -Dexperiment.deduplicate=true surefire:test,investigation/raw/conservative-v2/05/safe/3/stdout.log,Maven + forked JVM stdout,8f8fb6a9bef2a15ab92734f1f0db8c48012b2ec08217ccf734bf5a179d512f97,5023,80,1404,tiktoken 0.14.0 o200k_base
06,safe,1,1,True,True,both distinct users must be saved,mvn -o -B -ntp -Dmaven.repo.local=/Users/hadiranjbar/Downloads/java/token.usage/investigation/.m2 -Pinvestigation -Dtest=FailureCasesTest -Dexperiment.case=06 -Dexperiment.artifactDir=/Users/hadiranjbar/Downloads/java/token.usage/investigation/raw/conservative-v2/06/safe/1 -Dexperiment.reportDir=/Users/hadiranjbar/Downloads/java/token.usage/investigation/raw/conservative-v2/06/safe/1/reports -Dspring.output.ansi.enabled=never -Dspring.profiles.active=agent -Dexperiment.deduplicate=true surefire:test,investigation/raw/conservative-v2/06/safe/1/reports/TEST-com.ai.token.experiment.FailureCasesTest.xml,test-runner report,a5537a42e378083440fdf98d98e1277da252eb02ce8d609efa35bd032279727b,31173,135,9983,tiktoken 0.14.0 o200k_base
06,safe,1,1,True,True,both distinct users must be saved,mvn -o -B -ntp -Dmaven.repo.local=/Users/hadiranjbar/Downloads/java/token.usage/investigation/.m2 -Pinvestigation -Dtest=FailureCasesTest -Dexperiment.case=06 -Dexperiment.artifactDir=/Users/hadiranjbar/Downloads/java/token.usage/investigation/raw/conservative-v2/06/safe/1 -Dexperiment.reportDir=/Users/hadiranjbar/Downloads/java/token.usage/investigation/raw/conservative-v2/06/safe/1/reports -Dspring.output.ansi.enabled=never -Dspring.profiles.active=agent -Dexperiment.deduplicate=true surefire:test,investigation/raw/conservative-v2/06/safe/1/reports/com.ai.token.experiment.FailureCasesTest.txt,test-runner report,d7c6d9cab4a7a629aa9d5ed9eec002058e2d4d7dbfe8a295b80cd44e610e5104,1015,13,219,tiktoken 0.14.0 o200k_base
06,safe,1,1,True,True,both distinct users must be saved,mvn -o -B -ntp -Dmaven.repo.local=/Users/hadiranjbar/Downloads/java/token.usage/investigation/.m2 -Pinvestigation -Dtest=FailureCasesTest -Dexperiment.case=06 -Dexperiment.artifactDir=/Users/hadiranjbar/Downloads/java/token.usage/investigation/raw/conservative-v2/06/safe/1 -Dexperiment.reportDir=/Users/hadiranjbar/Downloads/java/token.usage/investigation/raw/conservative-v2/06/safe/1/reports -Dspring.output.ansi.enabled=never -Dspring.profiles.active=agent -Dexperiment.deduplicate=true surefire:test,investigation/raw/conservative-v2/06/safe/1/stderr.log,Maven + forked JVM stderr,e3b0c44298fc1c149afbf4c8996fb92427ae41e4649b934ca495991b7852b855,0,0,0,tiktoken 0.14.0 o200k_base
06,safe,1,1,True,True,both distinct users must be saved,mvn -o -B -ntp -Dmaven.repo.local=/Users/hadiranjbar/Downloads/java/token.usage/investigation/.m2 -Pinvestigation -Dtest=FailureCasesTest -Dexperiment.case=06 -Dexperiment.artifactDir=/Users/hadiranjbar/Downloads/java/token.usage/investigation/raw/conservative-v2/06/safe/1 -Dexperiment.reportDir=/Users/hadiranjbar/Downloads/java/token.usage/investigation/raw/conservative-v2/06/safe/1/reports -Dspring.output.ansi.enabled=never -Dspring.profiles.active=agent -Dexperiment.deduplicate=true surefire:test,investigation/raw/conservative-v2/06/safe/1/stdout.log,Maven + forked JVM stdout,050b9864633c5aa44a597d9118023d05dc103bfad6e154e45abf91fb47e844a8,6705,95,2018,tiktoken 0.14.0 o200k_base
06,safe,2,1,True,True,both distinct users must be saved,mvn -o -B -ntp -Dmaven.repo.local=/Users/hadiranjbar/Downloads/java/token.usage/investigation/.m2 -Pinvestigation -Dtest=FailureCasesTest -Dexperiment.case=06 -Dexperiment.artifactDir=/Users/hadiranjbar/Downloads/java/token.usage/investigation/raw/conservative-v2/06/safe/2 -Dexperiment.reportDir=/Users/hadiranjbar/Downloads/java/token.usage/investigation/raw/conservative-v2/06/safe/2/reports -Dspring.output.ansi.enabled=never -Dspring.profiles.active=agent -Dexperiment.deduplicate=true surefire:test,investigation/raw/conservative-v2/06/safe/2/reports/TEST-com.ai.token.experiment.FailureCasesTest.xml,test-runner report,a275cd476a6bdc98f5693fd0a58e34928a177b5d39ff343e9378d0840ab60f3f,31177,135,9984,tiktoken 0.14.0 o200k_base
06,safe,2,1,True,True,both distinct users must be saved,mvn -o -B -ntp -Dmaven.repo.local=/Users/hadiranjbar/Downloads/java/token.usage/investigation/.m2 -Pinvestigation -Dtest=FailureCasesTest -Dexperiment.case=06 -Dexperiment.artifactDir=/Users/hadiranjbar/Downloads/java/token.usage/investigation/raw/conservative-v2/06/safe/2 -Dexperiment.reportDir=/Users/hadiranjbar/Downloads/java/token.usage/investigation/raw/conservative-v2/06/safe/2/reports -Dspring.output.ansi.enabled=never -Dspring.profiles.active=agent -Dexperiment.deduplicate=true surefire:test,investigation/raw/conservative-v2/06/safe/2/reports/com.ai.token.experiment.FailureCasesTest.txt,test-runner report,2623b404565774e771d04e04c24319c0fc32f3a0625c8b83ea5ec4aae3d70ce0,1015,13,219,tiktoken 0.14.0 o200k_base
06,safe,2,1,True,True,both distinct users must be saved,mvn -o -B -ntp -Dmaven.repo.local=/Users/hadiranjbar/Downloads/java/token.usage/investigation/.m2 -Pinvestigation -Dtest=FailureCasesTest -Dexperiment.case=06 -Dexperiment.artifactDir=/Users/hadiranjbar/Downloads/java/token.usage/investigation/raw/conservative-v2/06/safe/2 -Dexperiment.reportDir=/Users/hadiranjbar/Downloads/java/token.usage/investigation/raw/conservative-v2/06/safe/2/reports -Dspring.output.ansi.enabled=never -Dspring.profiles.active=agent -Dexperiment.deduplicate=true surefire:test,investigation/raw/conservative-v2/06/safe/2/stderr.log,Maven + forked JVM stderr,e3b0c44298fc1c149afbf4c8996fb92427ae41e4649b934ca495991b7852b855,0,0,0,tiktoken 0.14.0 o200k_base
06,safe,2,1,True,True,both distinct users must be saved,mvn -o -B -ntp -Dmaven.repo.local=/Users/hadiranjbar/Downloads/java/token.usage/investigation/.m2 -Pinvestigation -Dtest=FailureCasesTest -Dexperiment.case=06 -Dexperiment.artifactDir=/Users/hadiranjbar/Downloads/java/token.usage/investigation/raw/conservative-v2/06/safe/2 -Dexperiment.reportDir=/Users/hadiranjbar/Downloads/java/token.usage/investigation/raw/conservative-v2/06/safe/2/reports -Dspring.output.ansi.enabled=never -Dspring.profiles.active=agent -Dexperiment.deduplicate=true surefire:test,investigation/raw/conservative-v2/06/safe/2/stdout.log,Maven + forked JVM stdout,2b5c86dd3c0cda50ba2503c92bb13bbb0ccd3c16b069f1a21b460e7a801ed2af,6705,95,2018,tiktoken 0.14.0 o200k_base
06,safe,3,1,True,True,both distinct users must be saved,mvn -o -B -ntp -Dmaven.repo.local=/Users/hadiranjbar/Downloads/java/token.usage/investigation/.m2 -Pinvestigation -Dtest=FailureCasesTest -Dexperiment.case=06 -Dexperiment.artifactDir=/Users/hadiranjbar/Downloads/java/token.usage/investigation/raw/conservative-v2/06/safe/3 -Dexperiment.reportDir=/Users/hadiranjbar/Downloads/java/token.usage/investigation/raw/conservative-v2/06/safe/3/reports -Dspring.output.ansi.enabled=never -Dspring.profiles.active=agent -Dexperiment.deduplicate=true surefire:test,investigation/raw/conservative-v2/06/safe/3/reports/TEST-com.ai.token.experiment.FailureCasesTest.xml,test-runner report,a437ace78b7aa7c4d8a5446216c9c8d3998b849151bb35ffdf759712b2c8f6be,31176,135,9984,tiktoken 0.14.0 o200k_base
06,safe,3,1,True,True,both distinct users must be saved,mvn -o -B -ntp -Dmaven.repo.local=/Users/hadiranjbar/Downloads/java/token.usage/investigation/.m2 -Pinvestigation -Dtest=FailureCasesTest -Dexperiment.case=06 -Dexperiment.artifactDir=/Users/hadiranjbar/Downloads/java/token.usage/investigation/raw/conservative-v2/06/safe/3 -Dexperiment.reportDir=/Users/hadiranjbar/Downloads/java/token.usage/investigation/raw/conservative-v2/06/safe/3/reports -Dspring.output.ansi.enabled=never -Dspring.profiles.active=agent -Dexperiment.deduplicate=true surefire:test,investigation/raw/conservative-v2/06/safe/3/reports/com.ai.token.experiment.FailureCasesTest.txt,test-runner report,2238b79ddbed2e0453721de2c0a9e906105f464917a8442330c0e477a3904068,1015,13,219,tiktoken 0.14.0 o200k_base
06,safe,3,1,True,True,both distinct users must be saved,mvn -o -B -ntp -Dmaven.repo.local=/Users/hadiranjbar/Downloads/java/token.usage/investigation/.m2 -Pinvestigation -Dtest=FailureCasesTest -Dexperiment.case=06 -Dexperiment.artifactDir=/Users/hadiranjbar/Downloads/java/token.usage/investigation/raw/conservative-v2/06/safe/3 -Dexperiment.reportDir=/Users/hadiranjbar/Downloads/java/token.usage/investigation/raw/conservative-v2/06/safe/3/reports -Dspring.output.ansi.enabled=never -Dspring.profiles.active=agent -Dexperiment.deduplicate=true surefire:test,investigation/raw/conservative-v2/06/safe/3/stderr.log,Maven + forked JVM stderr,e3b0c44298fc1c149afbf4c8996fb92427ae41e4649b934ca495991b7852b855,0,0,0,tiktoken 0.14.0 o200k_base
06,safe,3,1,True,True,both distinct users must be saved,mvn -o -B -ntp -Dmaven.repo.local=/Users/hadiranjbar/Downloads/java/token.usage/investigation/.m2 -Pinvestigation -Dtest=FailureCasesTest -Dexperiment.case=06 -Dexperiment.artifactDir=/Users/hadiranjbar/Downloads/java/token.usage/investigation/raw/conservative-v2/06/safe/3 -Dexperiment.reportDir=/Users/hadiranjbar/Downloads/java/token.usage/investigation/raw/conservative-v2/06/safe/3/reports -Dspring.output.ansi.enabled=never -Dspring.profiles.active=agent -Dexperiment.deduplicate=true surefire:test,investigation/raw/conservative-v2/06/safe/3/stdout.log,Maven + forked JVM stdout,6952b39e210b900cfc9497649efdd2ddf634be9ff47c1f3c1bcd43bcd399209c,6705,95,2018,tiktoken 0.14.0 o200k_base
07,safe,1,1,True,True,404 Not Found,mvn -o -B -ntp -Dmaven.repo.local=/Users/hadiranjbar/Downloads/java/token.usage/investigation/.m2 -Pinvestigation -Dtest=FailureCasesTest -Dexperiment.case=07 -Dexperiment.artifactDir=/Users/hadiranjbar/Downloads/java/token.usage/investigation/raw/conservative-v2/07/safe/1 -Dexperiment.reportDir=/Users/hadiranjbar/Downloads/java/token.usage/investigation/raw/conservative-v2/07/safe/1/reports -Dspring.output.ansi.enabled=never -Dspring.profiles.active=agent -Dexperiment.deduplicate=true surefire:test,investigation/raw/conservative-v2/07/safe/1/reports/TEST-com.ai.token.experiment.FailureCasesTest.xml,test-runner report,d3ef2ad801b028ec135e0251908fb58202c7b1a8a3830b757b280863bfb19104,29574,115,9293,tiktoken 0.14.0 o200k_base
07,safe,1,1,True,True,404 Not Found,mvn -o -B -ntp -Dmaven.repo.local=/Users/hadiranjbar/Downloads/java/token.usage/investigation/.m2 -Pinvestigation -Dtest=FailureCasesTest -Dexperiment.case=07 -Dexperiment.artifactDir=/Users/hadiranjbar/Downloads/java/token.usage/investigation/raw/conservative-v2/07/safe/1 -Dexperiment.reportDir=/Users/hadiranjbar/Downloads/java/token.usage/investigation/raw/conservative-v2/07/safe/1/reports -Dspring.output.ansi.enabled=never -Dspring.profiles.active=agent -Dexperiment.deduplicate=true surefire:test,investigation/raw/conservative-v2/07/safe/1/reports/com.ai.token.experiment.FailureCasesTest.txt,test-runner report,587d9422e9969d52a259792159b1cbdfd83db496b754c3e0a1536cfbc77066fa,2186,23,431,tiktoken 0.14.0 o200k_base
07,safe,1,1,True,True,404 Not Found,mvn -o -B -ntp -Dmaven.repo.local=/Users/hadiranjbar/Downloads/java/token.usage/investigation/.m2 -Pinvestigation -Dtest=FailureCasesTest -Dexperiment.case=07 -Dexperiment.artifactDir=/Users/hadiranjbar/Downloads/java/token.usage/investigation/raw/conservative-v2/07/safe/1 -Dexperiment.reportDir=/Users/hadiranjbar/Downloads/java/token.usage/investigation/raw/conservative-v2/07/safe/1/reports -Dspring.output.ansi.enabled=never -Dspring.profiles.active=agent -Dexperiment.deduplicate=true surefire:test,investigation/raw/conservative-v2/07/safe/1/stderr.log,Maven + forked JVM stderr,e3b0c44298fc1c149afbf4c8996fb92427ae41e4649b934ca495991b7852b855,0,0,0,tiktoken 0.14.0 o200k_base
07,safe,1,1,True,True,404 Not Found,mvn -o -B -ntp -Dmaven.repo.local=/Users/hadiranjbar/Downloads/java/token.usage/investigation/.m2 -Pinvestigation -Dtest=FailureCasesTest -Dexperiment.case=07 -Dexperiment.artifactDir=/Users/hadiranjbar/Downloads/java/token.usage/investigation/raw/conservative-v2/07/safe/1 -Dexperiment.reportDir=/Users/hadiranjbar/Downloads/java/token.usage/investigation/raw/conservative-v2/07/safe/1/reports -Dspring.output.ansi.enabled=never -Dspring.profiles.active=agent -Dexperiment.deduplicate=true surefire:test,investigation/raw/conservative-v2/07/safe/1/stdout.log,Maven + forked JVM stdout,79981fc61838a33947a4c0cda09fd4de8c161570d8a927daf1d24143c1eb062d,5071,75,1331,tiktoken 0.14.0 o200k_base
07,safe,2,1,True,True,404 Not Found,mvn -o -B -ntp -Dmaven.repo.local=/Users/hadiranjbar/Downloads/java/token.usage/investigation/.m2 -Pinvestigation -Dtest=FailureCasesTest -Dexperiment.case=07 -Dexperiment.artifactDir=/Users/hadiranjbar/Downloads/java/token.usage/investigation/raw/conservative-v2/07/safe/2 -Dexperiment.reportDir=/Users/hadiranjbar/Downloads/java/token.usage/investigation/raw/conservative-v2/07/safe/2/reports -Dspring.output.ansi.enabled=never -Dspring.profiles.active=agent -Dexperiment.deduplicate=true surefire:test,investigation/raw/conservative-v2/07/safe/2/reports/TEST-com.ai.token.experiment.FailureCasesTest.xml,test-runner report,4e135bf503497369b5a5fd7d63f800cd93dc96c0a3df875ed1bf2f1da7f2e519,29576,115,9293,tiktoken 0.14.0 o200k_base
07,safe,2,1,True,True,404 Not Found,mvn -o -B -ntp -Dmaven.repo.local=/Users/hadiranjbar/Downloads/java/token.usage/investigation/.m2 -Pinvestigation -Dtest=FailureCasesTest -Dexperiment.case=07 -Dexperiment.artifactDir=/Users/hadiranjbar/Downloads/java/token.usage/investigation/raw/conservative-v2/07/safe/2 -Dexperiment.reportDir=/Users/hadiranjbar/Downloads/java/token.usage/investigation/raw/conservative-v2/07/safe/2/reports -Dspring.output.ansi.enabled=never -Dspring.profiles.active=agent -Dexperiment.deduplicate=true surefire:test,investigation/raw/conservative-v2/07/safe/2/reports/com.ai.token.experiment.FailureCasesTest.txt,test-runner report,4c444f78c475e80186954913b67e6e536dcc2f815b4b77b934e902370c54b546,2186,23,431,tiktoken 0.14.0 o200k_base
07,safe,2,1,True,True,404 Not Found,mvn -o -B -ntp -Dmaven.repo.local=/Users/hadiranjbar/Downloads/java/token.usage/investigation/.m2 -Pinvestigation -Dtest=FailureCasesTest -Dexperiment.case=07 -Dexperiment.artifactDir=/Users/hadiranjbar/Downloads/java/token.usage/investigation/raw/conservative-v2/07/safe/2 -Dexperiment.reportDir=/Users/hadiranjbar/Downloads/java/token.usage/investigation/raw/conservative-v2/07/safe/2/reports -Dspring.output.ansi.enabled=never -Dspring.profiles.active=agent -Dexperiment.deduplicate=true surefire:test,investigation/raw/conservative-v2/07/safe/2/stderr.log,Maven + forked JVM stderr,e3b0c44298fc1c149afbf4c8996fb92427ae41e4649b934ca495991b7852b855,0,0,0,tiktoken 0.14.0 o200k_base
07,safe,2,1,True,True,404 Not Found,mvn -o -B -ntp -Dmaven.repo.local=/Users/hadiranjbar/Downloads/java/token.usage/investigation/.m2 -Pinvestigation -Dtest=FailureCasesTest -Dexperiment.case=07 -Dexperiment.artifactDir=/Users/hadiranjbar/Downloads/java/token.usage/investigation/raw/conservative-v2/07/safe/2 -Dexperiment.reportDir=/Users/hadiranjbar/Downloads/java/token.usage/investigation/raw/conservative-v2/07/safe/2/reports -Dspring.output.ansi.enabled=never -Dspring.profiles.active=agent -Dexperiment.deduplicate=true surefire:test,investigation/raw/conservative-v2/07/safe/2/stdout.log,Maven + forked JVM stdout,a7965bf07841a490af6ec83c032d2c1ccbea98a0bc42fd2c32ad3339b8b35cef,5072,75,1331,tiktoken 0.14.0 o200k_base
07,safe,3,1,True,True,404 Not Found,mvn -o -B -ntp -Dmaven.repo.local=/Users/hadiranjbar/Downloads/java/token.usage/investigation/.m2 -Pinvestigation -Dtest=FailureCasesTest -Dexperiment.case=07 -Dexperiment.artifactDir=/Users/hadiranjbar/Downloads/java/token.usage/investigation/raw/conservative-v2/07/safe/3 -Dexperiment.reportDir=/Users/hadiranjbar/Downloads/java/token.usage/investigation/raw/conservative-v2/07/safe/3/reports -Dspring.output.ansi.enabled=never -Dspring.profiles.active=agent -Dexperiment.deduplicate=true surefire:test,investigation/raw/conservative-v2/07/safe/3/reports/TEST-com.ai.token.experiment.FailureCasesTest.xml,test-runner report,77e1221f71e3c7b647a9a4e608d18e7c8501ea3c1092b35e0958749058ae7a6a,29575,115,9293,tiktoken 0.14.0 o200k_base
07,safe,3,1,True,True,404 Not Found,mvn -o -B -ntp -Dmaven.repo.local=/Users/hadiranjbar/Downloads/java/token.usage/investigation/.m2 -Pinvestigation -Dtest=FailureCasesTest -Dexperiment.case=07 -Dexperiment.artifactDir=/Users/hadiranjbar/Downloads/java/token.usage/investigation/raw/conservative-v2/07/safe/3 -Dexperiment.reportDir=/Users/hadiranjbar/Downloads/java/token.usage/investigation/raw/conservative-v2/07/safe/3/reports -Dspring.output.ansi.enabled=never -Dspring.profiles.active=agent -Dexperiment.deduplicate=true surefire:test,investigation/raw/conservative-v2/07/safe/3/reports/com.ai.token.experiment.FailureCasesTest.txt,test-runner report,82d6350a5dc203706e1db862bb7e5cc2552cf9d864be3301a87cb3f20af9d26b,2186,23,431,tiktoken 0.14.0 o200k_base
07,safe,3,1,True,True,404 Not Found,mvn -o -B -ntp -Dmaven.repo.local=/Users/hadiranjbar/Downloads/java/token.usage/investigation/.m2 -Pinvestigation -Dtest=FailureCasesTest -Dexperiment.case=07 -Dexperiment.artifactDir=/Users/hadiranjbar/Downloads/java/token.usage/investigation/raw/conservative-v2/07/safe/3 -Dexperiment.reportDir=/Users/hadiranjbar/Downloads/java/token.usage/investigation/raw/conservative-v2/07/safe/3/reports -Dspring.output.ansi.enabled=never -Dspring.profiles.active=agent -Dexperiment.deduplicate=true surefire:test,investigation/raw/conservative-v2/07/safe/3/stderr.log,Maven + forked JVM stderr,e3b0c44298fc1c149afbf4c8996fb92427ae41e4649b934ca495991b7852b855,0,0,0,tiktoken 0.14.0 o200k_base
07,safe,3,1,True,True,404 Not Found,mvn -o -B -ntp -Dmaven.repo.local=/Users/hadiranjbar/Downloads/java/token.usage/investigation/.m2 -Pinvestigation -Dtest=FailureCasesTest -Dexperiment.case=07 -Dexperiment.artifactDir=/Users/hadiranjbar/Downloads/java/token.usage/investigation/raw/conservative-v2/07/safe/3 -Dexperiment.reportDir=/Users/hadiranjbar/Downloads/java/token.usage/investigation/raw/conservative-v2/07/safe/3/reports -Dspring.output.ansi.enabled=never -Dspring.profiles.active=agent -Dexperiment.deduplicate=true surefire:test,investigation/raw/conservative-v2/07/safe/3/stdout.log,Maven + forked JVM stdout,0ed1b8800f0f651e6dae06aa0b720337d5ee1d396e5357c82cfed12c7a8be4d3,5071,75,1331,tiktoken 0.14.0 o200k_base
08,safe,1,1,True,True,java.util.concurrent.ExecutionException,mvn -o -B -ntp -Dmaven.repo.local=/Users/hadiranjbar/Downloads/java/token.usage/investigation/.m2 -Pinvestigation -Dtest=FailureCasesTest -Dexperiment.case=08 -Dexperiment.artifactDir=/Users/hadiranjbar/Downloads/java/token.usage/investigation/raw/conservative-v2/08/safe/1 -Dexperiment.reportDir=/Users/hadiranjbar/Downloads/java/token.usage/investigation/raw/conservative-v2/08/safe/1/reports -Dspring.output.ansi.enabled=never -Dspring.profiles.active=agent -Dexperiment.deduplicate=true surefire:test,investigation/raw/conservative-v2/08/safe/1/reports/TEST-com.ai.token.experiment.FailureCasesTest.xml,test-runner report,9b53e1cc9221330c59bcf0297c5f5246346f9843b2306257391d7a61fe4a4f77,29683,124,9400,tiktoken 0.14.0 o200k_base
08,safe,1,1,True,True,java.util.concurrent.ExecutionException,mvn -o -B -ntp -Dmaven.repo.local=/Users/hadiranjbar/Downloads/java/token.usage/investigation/.m2 -Pinvestigation -Dtest=FailureCasesTest -Dexperiment.case=08 -Dexperiment.artifactDir=/Users/hadiranjbar/Downloads/java/token.usage/investigation/raw/conservative-v2/08/safe/1 -Dexperiment.reportDir=/Users/hadiranjbar/Downloads/java/token.usage/investigation/raw/conservative-v2/08/safe/1/reports -Dspring.output.ansi.enabled=never -Dspring.profiles.active=agent -Dexperiment.deduplicate=true surefire:test,investigation/raw/conservative-v2/08/safe/1/reports/com.ai.token.experiment.FailureCasesTest.txt,test-runner report,5f26b714ab031d4ba76d3fad0672d2cdc3e4ce244ad71ab426ef76e9508630ba,1470,20,321,tiktoken 0.14.0 o200k_base
08,safe,1,1,True,True,java.util.concurrent.ExecutionException,mvn -o -B -ntp -Dmaven.repo.local=/Users/hadiranjbar/Downloads/java/token.usage/investigation/.m2 -Pinvestigation -Dtest=FailureCasesTest -Dexperiment.case=08 -Dexperiment.artifactDir=/Users/hadiranjbar/Downloads/java/token.usage/investigation/raw/conservative-v2/08/safe/1 -Dexperiment.reportDir=/Users/hadiranjbar/Downloads/java/token.usage/investigation/raw/conservative-v2/08/safe/1/reports -Dspring.output.ansi.enabled=never -Dspring.profiles.active=agent -Dexperiment.deduplicate=true surefire:test,investigation/raw/conservative-v2/08/safe/1/stderr.log,Maven + forked JVM stderr,e3b0c44298fc1c149afbf4c8996fb92427ae41e4649b934ca495991b7852b855,0,0,0,tiktoken 0.14.0 o200k_base
08,safe,1,1,True,True,java.util.concurrent.ExecutionException,mvn -o -B -ntp -Dmaven.repo.local=/Users/hadiranjbar/Downloads/java/token.usage/investigation/.m2 -Pinvestigation -Dtest=FailureCasesTest -Dexperiment.case=08 -Dexperiment.artifactDir=/Users/hadiranjbar/Downloads/java/token.usage/investigation/raw/conservative-v2/08/safe/1 -Dexperiment.reportDir=/Users/hadiranjbar/Downloads/java/token.usage/investigation/raw/conservative-v2/08/safe/1/reports -Dspring.output.ansi.enabled=never -Dspring.profiles.active=agent -Dexperiment.deduplicate=true surefire:test,investigation/raw/conservative-v2/08/safe/1/stdout.log,Maven + forked JVM stdout,94d17056fde4de1ac6540081bd6b6ca4291756d834b8710f45830db1a59a6431,5206,84,1442,tiktoken 0.14.0 o200k_base
08,safe,2,1,True,True,java.util.concurrent.ExecutionException,mvn -o -B -ntp -Dmaven.repo.local=/Users/hadiranjbar/Downloads/java/token.usage/investigation/.m2 -Pinvestigation -Dtest=FailureCasesTest -Dexperiment.case=08 -Dexperiment.artifactDir=/Users/hadiranjbar/Downloads/java/token.usage/investigation/raw/conservative-v2/08/safe/2 -Dexperiment.reportDir=/Users/hadiranjbar/Downloads/java/token.usage/investigation/raw/conservative-v2/08/safe/2/reports -Dspring.output.ansi.enabled=never -Dspring.profiles.active=agent -Dexperiment.deduplicate=true surefire:test,investigation/raw/conservative-v2/08/safe/2/reports/TEST-com.ai.token.experiment.FailureCasesTest.xml,test-runner report,b21108d323731e6dabf6c1437cadca1537b1f3acecfd8f552a592f206c8e362f,29683,124,9400,tiktoken 0.14.0 o200k_base
08,safe,2,1,True,True,java.util.concurrent.ExecutionException,mvn -o -B -ntp -Dmaven.repo.local=/Users/hadiranjbar/Downloads/java/token.usage/investigation/.m2 -Pinvestigation -Dtest=FailureCasesTest -Dexperiment.case=08 -Dexperiment.artifactDir=/Users/hadiranjbar/Downloads/java/token.usage/investigation/raw/conservative-v2/08/safe/2 -Dexperiment.reportDir=/Users/hadiranjbar/Downloads/java/token.usage/investigation/raw/conservative-v2/08/safe/2/reports -Dspring.output.ansi.enabled=never -Dspring.profiles.active=agent -Dexperiment.deduplicate=true surefire:test,investigation/raw/conservative-v2/08/safe/2/reports/com.ai.token.experiment.FailureCasesTest.txt,test-runner report,2d07bd026f28044c5e76bb9ea90aff2748bc3fcf55868091e65c18018cfdce16,1470,20,321,tiktoken 0.14.0 o200k_base
08,safe,2,1,True,True,java.util.concurrent.ExecutionException,mvn -o -B -ntp -Dmaven.repo.local=/Users/hadiranjbar/Downloads/java/token.usage/investigation/.m2 -Pinvestigation -Dtest=FailureCasesTest -Dexperiment.case=08 -Dexperiment.artifactDir=/Users/hadiranjbar/Downloads/java/token.usage/investigation/raw/conservative-v2/08/safe/2 -Dexperiment.reportDir=/Users/hadiranjbar/Downloads/java/token.usage/investigation/raw/conservative-v2/08/safe/2/reports -Dspring.output.ansi.enabled=never -Dspring.profiles.active=agent -Dexperiment.deduplicate=true surefire:test,investigation/raw/conservative-v2/08/safe/2/stderr.log,Maven + forked JVM stderr,e3b0c44298fc1c149afbf4c8996fb92427ae41e4649b934ca495991b7852b855,0,0,0,tiktoken 0.14.0 o200k_base
08,safe,2,1,True,True,java.util.concurrent.ExecutionException,mvn -o -B -ntp -Dmaven.repo.local=/Users/hadiranjbar/Downloads/java/token.usage/investigation/.m2 -Pinvestigation -Dtest=FailureCasesTest -Dexperiment.case=08 -Dexperiment.artifactDir=/Users/hadiranjbar/Downloads/java/token.usage/investigation/raw/conservative-v2/08/safe/2 -Dexperiment.reportDir=/Users/hadiranjbar/Downloads/java/token.usage/investigation/raw/conservative-v2/08/safe/2/reports -Dspring.output.ansi.enabled=never -Dspring.profiles.active=agent -Dexperiment.deduplicate=true surefire:test,investigation/raw/conservative-v2/08/safe/2/stdout.log,Maven + forked JVM stdout,7c01c59d3f86973d488f25f81096937bbfb9e59a0b952dd83c52bdc3ab4b678d,5206,84,1442,tiktoken 0.14.0 o200k_base
08,safe,3,1,True,True,java.util.concurrent.ExecutionException,mvn -o -B -ntp -Dmaven.repo.local=/Users/hadiranjbar/Downloads/java/token.usage/investigation/.m2 -Pinvestigation -Dtest=FailureCasesTest -Dexperiment.case=08 -Dexperiment.artifactDir=/Users/hadiranjbar/Downloads/java/token.usage/investigation/raw/conservative-v2/08/safe/3 -Dexperiment.reportDir=/Users/hadiranjbar/Downloads/java/token.usage/investigation/raw/conservative-v2/08/safe/3/reports -Dspring.output.ansi.enabled=never -Dspring.profiles.active=agent -Dexperiment.deduplicate=true surefire:test,investigation/raw/conservative-v2/08/safe/3/reports/TEST-com.ai.token.experiment.FailureCasesTest.xml,test-runner report,d6a0f589a1e9bc62165982f747b37228b63db01074a3e2d10f5a3fdb5db9ba11,29687,124,9401,tiktoken 0.14.0 o200k_base
08,safe,3,1,True,True,java.util.concurrent.ExecutionException,mvn -o -B -ntp -Dmaven.repo.local=/Users/hadiranjbar/Downloads/java/token.usage/investigation/.m2 -Pinvestigation -Dtest=FailureCasesTest -Dexperiment.case=08 -Dexperiment.artifactDir=/Users/hadiranjbar/Downloads/java/token.usage/investigation/raw/conservative-v2/08/safe/3 -Dexperiment.reportDir=/Users/hadiranjbar/Downloads/java/token.usage/investigation/raw/conservative-v2/08/safe/3/reports -Dspring.output.ansi.enabled=never -Dspring.profiles.active=agent -Dexperiment.deduplicate=true surefire:test,investigation/raw/conservative-v2/08/safe/3/reports/com.ai.token.experiment.FailureCasesTest.txt,test-runner report,22a061ecc98807fbca930efed88a53eee63124afd675a866b2130b79cb100354,1470,20,321,tiktoken 0.14.0 o200k_base
08,safe,3,1,True,True,java.util.concurrent.ExecutionException,mvn -o -B -ntp -Dmaven.repo.local=/Users/hadiranjbar/Downloads/java/token.usage/investigation/.m2 -Pinvestigation -Dtest=FailureCasesTest -Dexperiment.case=08 -Dexperiment.artifactDir=/Users/hadiranjbar/Downloads/java/token.usage/investigation/raw/conservative-v2/08/safe/3 -Dexperiment.reportDir=/Users/hadiranjbar/Downloads/java/token.usage/investigation/raw/conservative-v2/08/safe/3/reports -Dspring.output.ansi.enabled=never -Dspring.profiles.active=agent -Dexperiment.deduplicate=true surefire:test,investigation/raw/conservative-v2/08/safe/3/stderr.log,Maven + forked JVM stderr,e3b0c44298fc1c149afbf4c8996fb92427ae41e4649b934ca495991b7852b855,0,0,0,tiktoken 0.14.0 o200k_base
08,safe,3,1,True,True,java.util.concurrent.ExecutionException,mvn -o -B -ntp -Dmaven.repo.local=/Users/hadiranjbar/Downloads/java/token.usage/investigation/.m2 -Pinvestigation -Dtest=FailureCasesTest -Dexperiment.case=08 -Dexperiment.artifactDir=/Users/hadiranjbar/Downloads/java/token.usage/investigation/raw/conservative-v2/08/safe/3 -Dexperiment.reportDir=/Users/hadiranjbar/Downloads/java/token.usage/investigation/raw/conservative-v2/08/safe/3/reports -Dspring.output.ansi.enabled=never -Dspring.profiles.active=agent -Dexperiment.deduplicate=true surefire:test,investigation/raw/conservative-v2/08/safe/3/stdout.log,Maven + forked JVM stdout,d93520777e1901272c088938a506d4e545a7231ae0c3cc3c66a40d50062826bc,5206,84,1442,tiktoken 0.14.0 o200k_base
