case,config,run,exit,profile_verified,identity_verified,failure_identity,command_shell,method,source,path,producer,command,matches,facts_present,facts_required,all_facts,facts,bytes,lines,tokens,tokenizer,within_source_bytes
09,agent,1,1,True,False,duplicate key value violates unique constraint,"mvn -o -B -ntp -Dmaven.repo.local=/Users/hadiranjbar/Downloads/java/token.usage/investigation/.m2 -Pinvestigation,agent-reports -Dtest=FailureCasesTest -Dexperiment.case=09 -Dexperiment.artifactDir=/Users/hadiranjbar/Downloads/java/token.usage/investigation/raw/container-blocker/09/agent/1 -Dexperiment.reportDir=/Users/hadiranjbar/Downloads/java/token.usage/investigation/raw/container-blocker/09/agent/1/reports -Dspring.output.ansi.enabled=never -Dspring.profiles.active=agent -Dexperiment.deduplicate=true surefire:test",complete,investigation/raw/container-blocker/09/agent/1,investigation/extracted/container-blocker/09/agent/1/complete.txt,deterministic console extraction (not automatically agent input),python investigation/scripts/analyze.py --batch container-blocker,2,0,3,False,"{""constraint"": false, ""location"": false, ""sql"": false}",12859,143,3563,tiktoken 0.14.0 o200k_base,True
09,agent,1,1,True,False,duplicate key value violates unique constraint,"mvn -o -B -ntp -Dmaven.repo.local=/Users/hadiranjbar/Downloads/java/token.usage/investigation/.m2 -Pinvestigation,agent-reports -Dtest=FailureCasesTest -Dexperiment.case=09 -Dexperiment.artifactDir=/Users/hadiranjbar/Downloads/java/token.usage/investigation/raw/container-blocker/09/agent/1 -Dexperiment.reportDir=/Users/hadiranjbar/Downloads/java/token.usage/investigation/raw/container-blocker/09/agent/1/reports -Dspring.output.ansi.enabled=never -Dspring.profiles.active=agent -Dexperiment.deduplicate=true surefire:test",window20,investigation/raw/container-blocker/09/agent/1,investigation/extracted/container-blocker/09/agent/1/window20.txt,deterministic console extraction (not automatically agent input),python investigation/scripts/analyze.py --batch container-blocker,2,0,3,False,"{""constraint"": false, ""location"": false, ""sql"": false}",1154,20,291,tiktoken 0.14.0 o200k_base,True
09,agent,1,1,True,False,duplicate key value violates unique constraint,"mvn -o -B -ntp -Dmaven.repo.local=/Users/hadiranjbar/Downloads/java/token.usage/investigation/.m2 -Pinvestigation,agent-reports -Dtest=FailureCasesTest -Dexperiment.case=09 -Dexperiment.artifactDir=/Users/hadiranjbar/Downloads/java/token.usage/investigation/raw/container-blocker/09/agent/1 -Dexperiment.reportDir=/Users/hadiranjbar/Downloads/java/token.usage/investigation/raw/container-blocker/09/agent/1/reports -Dspring.output.ansi.enabled=never -Dspring.profiles.active=agent -Dexperiment.deduplicate=true surefire:test",filtered40,investigation/raw/container-blocker/09/agent/1,investigation/extracted/container-blocker/09/agent/1/filtered40.txt,deterministic console extraction (not automatically agent input),python investigation/scripts/analyze.py --batch container-blocker,2,0,3,False,"{""constraint"": false, ""location"": false, ""sql"": false}",1791,30,464,tiktoken 0.14.0 o200k_base,True
09,agent,1,1,True,False,duplicate key value violates unique constraint,"mvn -o -B -ntp -Dmaven.repo.local=/Users/hadiranjbar/Downloads/java/token.usage/investigation/.m2 -Pinvestigation,agent-reports -Dtest=FailureCasesTest -Dexperiment.case=09 -Dexperiment.artifactDir=/Users/hadiranjbar/Downloads/java/token.usage/investigation/raw/container-blocker/09/agent/1 -Dexperiment.reportDir=/Users/hadiranjbar/Downloads/java/token.usage/investigation/raw/container-blocker/09/agent/1/reports -Dspring.output.ansi.enabled=never -Dspring.profiles.active=agent -Dexperiment.deduplicate=true surefire:test",boundary,investigation/raw/container-blocker/09/agent/1,investigation/extracted/container-blocker/09/agent/1/boundary.txt,deterministic console extraction (not automatically agent input),python investigation/scripts/analyze.py --batch container-blocker,2,0,3,False,"{""constraint"": false, ""location"": false, ""sql"": false}",431,5,116,tiktoken 0.14.0 o200k_base,True
09,agent,1,1,True,False,duplicate key value violates unique constraint,"mvn -o -B -ntp -Dmaven.repo.local=/Users/hadiranjbar/Downloads/java/token.usage/investigation/.m2 -Pinvestigation,agent-reports -Dtest=FailureCasesTest -Dexperiment.case=09 -Dexperiment.artifactDir=/Users/hadiranjbar/Downloads/java/token.usage/investigation/raw/container-blocker/09/agent/1 -Dexperiment.reportDir=/Users/hadiranjbar/Downloads/java/token.usage/investigation/raw/container-blocker/09/agent/1/reports -Dspring.output.ansi.enabled=never -Dspring.profiles.active=agent -Dexperiment.deduplicate=true surefire:test",dedup,investigation/raw/container-blocker/09/agent/1,investigation/extracted/container-blocker/09/agent/1/dedup.txt,deterministic console extraction (not automatically agent input),python investigation/scripts/analyze.py --batch container-blocker,2,0,3,False,"{""constraint"": false, ""location"": false, ""sql"": false}",431,5,116,tiktoken 0.14.0 o200k_base,True
09,default,1,1,True,False,duplicate key value violates unique constraint,mvn -o -B -ntp -Dmaven.repo.local=/Users/hadiranjbar/Downloads/java/token.usage/investigation/.m2 -Pinvestigation -Dtest=FailureCasesTest -Dexperiment.case=09 -Dexperiment.artifactDir=/Users/hadiranjbar/Downloads/java/token.usage/investigation/raw/container-blocker/09/default/1 -Dexperiment.reportDir=/Users/hadiranjbar/Downloads/java/token.usage/investigation/raw/container-blocker/09/default/1/reports -Dspring.output.ansi.enabled=never surefire:test,complete,investigation/raw/container-blocker/09/default/1,investigation/extracted/container-blocker/09/default/1/complete.txt,deterministic console extraction (not automatically agent input),python investigation/scripts/analyze.py --batch container-blocker,2,0,3,False,"{""constraint"": false, ""location"": false, ""sql"": false}",36350,303,10226,tiktoken 0.14.0 o200k_base,True
09,default,1,1,True,False,duplicate key value violates unique constraint,mvn -o -B -ntp -Dmaven.repo.local=/Users/hadiranjbar/Downloads/java/token.usage/investigation/.m2 -Pinvestigation -Dtest=FailureCasesTest -Dexperiment.case=09 -Dexperiment.artifactDir=/Users/hadiranjbar/Downloads/java/token.usage/investigation/raw/container-blocker/09/default/1 -Dexperiment.reportDir=/Users/hadiranjbar/Downloads/java/token.usage/investigation/raw/container-blocker/09/default/1/reports -Dspring.output.ansi.enabled=never surefire:test,window20,investigation/raw/container-blocker/09/default/1,investigation/extracted/container-blocker/09/default/1/window20.txt,deterministic console extraction (not automatically agent input),python investigation/scripts/analyze.py --batch container-blocker,2,0,3,False,"{""constraint"": false, ""location"": false, ""sql"": false}",1453,20,355,tiktoken 0.14.0 o200k_base,True
09,default,1,1,True,False,duplicate key value violates unique constraint,mvn -o -B -ntp -Dmaven.repo.local=/Users/hadiranjbar/Downloads/java/token.usage/investigation/.m2 -Pinvestigation -Dtest=FailureCasesTest -Dexperiment.case=09 -Dexperiment.artifactDir=/Users/hadiranjbar/Downloads/java/token.usage/investigation/raw/container-blocker/09/default/1 -Dexperiment.reportDir=/Users/hadiranjbar/Downloads/java/token.usage/investigation/raw/container-blocker/09/default/1/reports -Dspring.output.ansi.enabled=never surefire:test,filtered40,investigation/raw/container-blocker/09/default/1,investigation/extracted/container-blocker/09/default/1/filtered40.txt,deterministic console extraction (not automatically agent input),python investigation/scripts/analyze.py --batch container-blocker,2,0,3,False,"{""constraint"": false, ""location"": false, ""sql"": false}",2499,37,610,tiktoken 0.14.0 o200k_base,True
09,default,1,1,True,False,duplicate key value violates unique constraint,mvn -o -B -ntp -Dmaven.repo.local=/Users/hadiranjbar/Downloads/java/token.usage/investigation/.m2 -Pinvestigation -Dtest=FailureCasesTest -Dexperiment.case=09 -Dexperiment.artifactDir=/Users/hadiranjbar/Downloads/java/token.usage/investigation/raw/container-blocker/09/default/1 -Dexperiment.reportDir=/Users/hadiranjbar/Downloads/java/token.usage/investigation/raw/container-blocker/09/default/1/reports -Dspring.output.ansi.enabled=never surefire:test,boundary,investigation/raw/container-blocker/09/default/1,investigation/extracted/container-blocker/09/default/1/boundary.txt,deterministic console extraction (not automatically agent input),python investigation/scripts/analyze.py --batch container-blocker,2,0,3,False,"{""constraint"": false, ""location"": false, ""sql"": false}",1201,13,277,tiktoken 0.14.0 o200k_base,True
09,default,1,1,True,False,duplicate key value violates unique constraint,mvn -o -B -ntp -Dmaven.repo.local=/Users/hadiranjbar/Downloads/java/token.usage/investigation/.m2 -Pinvestigation -Dtest=FailureCasesTest -Dexperiment.case=09 -Dexperiment.artifactDir=/Users/hadiranjbar/Downloads/java/token.usage/investigation/raw/container-blocker/09/default/1 -Dexperiment.reportDir=/Users/hadiranjbar/Downloads/java/token.usage/investigation/raw/container-blocker/09/default/1/reports -Dspring.output.ansi.enabled=never surefire:test,dedup,investigation/raw/container-blocker/09/default/1,investigation/extracted/container-blocker/09/default/1/dedup.txt,deterministic console extraction (not automatically agent input),python investigation/scripts/analyze.py --batch container-blocker,2,0,3,False,"{""constraint"": false, ""location"": false, ""sql"": false}",1201,13,277,tiktoken 0.14.0 o200k_base,True
10,agent,1,1,True,False,ContainerLaunchException,"mvn -o -B -ntp -Dmaven.repo.local=/Users/hadiranjbar/Downloads/java/token.usage/investigation/.m2 -Pinvestigation,agent-reports -Dtest=FailureCasesTest -Dexperiment.case=10 -Dexperiment.artifactDir=/Users/hadiranjbar/Downloads/java/token.usage/investigation/raw/container-blocker/10/agent/1 -Dexperiment.reportDir=/Users/hadiranjbar/Downloads/java/token.usage/investigation/raw/container-blocker/10/agent/1/reports -Dspring.output.ansi.enabled=never -Dspring.profiles.active=agent -Dexperiment.deduplicate=true surefire:test",complete,investigation/raw/container-blocker/10/agent/1,investigation/extracted/container-blocker/10/agent/1/complete.txt,deterministic console extraction (not automatically agent input),python investigation/scripts/analyze.py --batch container-blocker,2,0,3,False,"{""container"": false, ""readiness"": false, ""runtime"": false}",12859,143,3563,tiktoken 0.14.0 o200k_base,True
10,agent,1,1,True,False,ContainerLaunchException,"mvn -o -B -ntp -Dmaven.repo.local=/Users/hadiranjbar/Downloads/java/token.usage/investigation/.m2 -Pinvestigation,agent-reports -Dtest=FailureCasesTest -Dexperiment.case=10 -Dexperiment.artifactDir=/Users/hadiranjbar/Downloads/java/token.usage/investigation/raw/container-blocker/10/agent/1 -Dexperiment.reportDir=/Users/hadiranjbar/Downloads/java/token.usage/investigation/raw/container-blocker/10/agent/1/reports -Dspring.output.ansi.enabled=never -Dspring.profiles.active=agent -Dexperiment.deduplicate=true surefire:test",window20,investigation/raw/container-blocker/10/agent/1,investigation/extracted/container-blocker/10/agent/1/window20.txt,deterministic console extraction (not automatically agent input),python investigation/scripts/analyze.py --batch container-blocker,2,0,3,False,"{""container"": false, ""readiness"": false, ""runtime"": false}",1154,20,291,tiktoken 0.14.0 o200k_base,True
10,agent,1,1,True,False,ContainerLaunchException,"mvn -o -B -ntp -Dmaven.repo.local=/Users/hadiranjbar/Downloads/java/token.usage/investigation/.m2 -Pinvestigation,agent-reports -Dtest=FailureCasesTest -Dexperiment.case=10 -Dexperiment.artifactDir=/Users/hadiranjbar/Downloads/java/token.usage/investigation/raw/container-blocker/10/agent/1 -Dexperiment.reportDir=/Users/hadiranjbar/Downloads/java/token.usage/investigation/raw/container-blocker/10/agent/1/reports -Dspring.output.ansi.enabled=never -Dspring.profiles.active=agent -Dexperiment.deduplicate=true surefire:test",filtered40,investigation/raw/container-blocker/10/agent/1,investigation/extracted/container-blocker/10/agent/1/filtered40.txt,deterministic console extraction (not automatically agent input),python investigation/scripts/analyze.py --batch container-blocker,2,0,3,False,"{""container"": false, ""readiness"": false, ""runtime"": false}",1791,30,464,tiktoken 0.14.0 o200k_base,True
10,agent,1,1,True,False,ContainerLaunchException,"mvn -o -B -ntp -Dmaven.repo.local=/Users/hadiranjbar/Downloads/java/token.usage/investigation/.m2 -Pinvestigation,agent-reports -Dtest=FailureCasesTest -Dexperiment.case=10 -Dexperiment.artifactDir=/Users/hadiranjbar/Downloads/java/token.usage/investigation/raw/container-blocker/10/agent/1 -Dexperiment.reportDir=/Users/hadiranjbar/Downloads/java/token.usage/investigation/raw/container-blocker/10/agent/1/reports -Dspring.output.ansi.enabled=never -Dspring.profiles.active=agent -Dexperiment.deduplicate=true surefire:test",boundary,investigation/raw/container-blocker/10/agent/1,investigation/extracted/container-blocker/10/agent/1/boundary.txt,deterministic console extraction (not automatically agent input),python investigation/scripts/analyze.py --batch container-blocker,2,0,3,False,"{""container"": false, ""readiness"": false, ""runtime"": false}",431,5,116,tiktoken 0.14.0 o200k_base,True
10,agent,1,1,True,False,ContainerLaunchException,"mvn -o -B -ntp -Dmaven.repo.local=/Users/hadiranjbar/Downloads/java/token.usage/investigation/.m2 -Pinvestigation,agent-reports -Dtest=FailureCasesTest -Dexperiment.case=10 -Dexperiment.artifactDir=/Users/hadiranjbar/Downloads/java/token.usage/investigation/raw/container-blocker/10/agent/1 -Dexperiment.reportDir=/Users/hadiranjbar/Downloads/java/token.usage/investigation/raw/container-blocker/10/agent/1/reports -Dspring.output.ansi.enabled=never -Dspring.profiles.active=agent -Dexperiment.deduplicate=true surefire:test",dedup,investigation/raw/container-blocker/10/agent/1,investigation/extracted/container-blocker/10/agent/1/dedup.txt,deterministic console extraction (not automatically agent input),python investigation/scripts/analyze.py --batch container-blocker,2,0,3,False,"{""container"": false, ""readiness"": false, ""runtime"": false}",431,5,116,tiktoken 0.14.0 o200k_base,True
10,default,1,1,True,False,ContainerLaunchException,mvn -o -B -ntp -Dmaven.repo.local=/Users/hadiranjbar/Downloads/java/token.usage/investigation/.m2 -Pinvestigation -Dtest=FailureCasesTest -Dexperiment.case=10 -Dexperiment.artifactDir=/Users/hadiranjbar/Downloads/java/token.usage/investigation/raw/container-blocker/10/default/1 -Dexperiment.reportDir=/Users/hadiranjbar/Downloads/java/token.usage/investigation/raw/container-blocker/10/default/1/reports -Dspring.output.ansi.enabled=never surefire:test,complete,investigation/raw/container-blocker/10/default/1,investigation/extracted/container-blocker/10/default/1/complete.txt,deterministic console extraction (not automatically agent input),python investigation/scripts/analyze.py --batch container-blocker,2,0,3,False,"{""container"": false, ""readiness"": false, ""runtime"": false}",36350,303,10226,tiktoken 0.14.0 o200k_base,True
10,default,1,1,True,False,ContainerLaunchException,mvn -o -B -ntp -Dmaven.repo.local=/Users/hadiranjbar/Downloads/java/token.usage/investigation/.m2 -Pinvestigation -Dtest=FailureCasesTest -Dexperiment.case=10 -Dexperiment.artifactDir=/Users/hadiranjbar/Downloads/java/token.usage/investigation/raw/container-blocker/10/default/1 -Dexperiment.reportDir=/Users/hadiranjbar/Downloads/java/token.usage/investigation/raw/container-blocker/10/default/1/reports -Dspring.output.ansi.enabled=never surefire:test,window20,investigation/raw/container-blocker/10/default/1,investigation/extracted/container-blocker/10/default/1/window20.txt,deterministic console extraction (not automatically agent input),python investigation/scripts/analyze.py --batch container-blocker,2,0,3,False,"{""container"": false, ""readiness"": false, ""runtime"": false}",1453,20,355,tiktoken 0.14.0 o200k_base,True
10,default,1,1,True,False,ContainerLaunchException,mvn -o -B -ntp -Dmaven.repo.local=/Users/hadiranjbar/Downloads/java/token.usage/investigation/.m2 -Pinvestigation -Dtest=FailureCasesTest -Dexperiment.case=10 -Dexperiment.artifactDir=/Users/hadiranjbar/Downloads/java/token.usage/investigation/raw/container-blocker/10/default/1 -Dexperiment.reportDir=/Users/hadiranjbar/Downloads/java/token.usage/investigation/raw/container-blocker/10/default/1/reports -Dspring.output.ansi.enabled=never surefire:test,filtered40,investigation/raw/container-blocker/10/default/1,investigation/extracted/container-blocker/10/default/1/filtered40.txt,deterministic console extraction (not automatically agent input),python investigation/scripts/analyze.py --batch container-blocker,2,0,3,False,"{""container"": false, ""readiness"": false, ""runtime"": false}",2499,37,610,tiktoken 0.14.0 o200k_base,True
10,default,1,1,True,False,ContainerLaunchException,mvn -o -B -ntp -Dmaven.repo.local=/Users/hadiranjbar/Downloads/java/token.usage/investigation/.m2 -Pinvestigation -Dtest=FailureCasesTest -Dexperiment.case=10 -Dexperiment.artifactDir=/Users/hadiranjbar/Downloads/java/token.usage/investigation/raw/container-blocker/10/default/1 -Dexperiment.reportDir=/Users/hadiranjbar/Downloads/java/token.usage/investigation/raw/container-blocker/10/default/1/reports -Dspring.output.ansi.enabled=never surefire:test,boundary,investigation/raw/container-blocker/10/default/1,investigation/extracted/container-blocker/10/default/1/boundary.txt,deterministic console extraction (not automatically agent input),python investigation/scripts/analyze.py --batch container-blocker,2,0,3,False,"{""container"": false, ""readiness"": false, ""runtime"": false}",1201,13,277,tiktoken 0.14.0 o200k_base,True
10,default,1,1,True,False,ContainerLaunchException,mvn -o -B -ntp -Dmaven.repo.local=/Users/hadiranjbar/Downloads/java/token.usage/investigation/.m2 -Pinvestigation -Dtest=FailureCasesTest -Dexperiment.case=10 -Dexperiment.artifactDir=/Users/hadiranjbar/Downloads/java/token.usage/investigation/raw/container-blocker/10/default/1 -Dexperiment.reportDir=/Users/hadiranjbar/Downloads/java/token.usage/investigation/raw/container-blocker/10/default/1/reports -Dspring.output.ansi.enabled=never surefire:test,dedup,investigation/raw/container-blocker/10/default/1,investigation/extracted/container-blocker/10/default/1/dedup.txt,deterministic console extraction (not automatically agent input),python investigation/scripts/analyze.py --batch container-blocker,2,0,3,False,"{""container"": false, ""readiness"": false, ""runtime"": false}",1201,13,277,tiktoken 0.14.0 o200k_base,True
