case,config,run,index,command,log_related,fuller_output,pure_initial_read,truncated_marker,path,bytes,lines,tokens,tokenizer
01,agent,1,0,/bin/zsh -lc 'cat failure.log',True,False,True,False,investigation/trials/v1/01/agent/1/returned-tool-text/000.txt,4349,74,1193,tiktoken 0.14.0 o200k_base
01,agent,1,1,/bin/zsh -lc 'pwd; rg --files -g AGENTS.md -g Defects.java -g test.sh',True,False,False,False,investigation/trials/v1/01/agent/1/returned-tool-text/001.txt,153,3,57,tiktoken 0.14.0 o200k_base
01,agent,1,2,/bin/zsh -lc 'cat investigation/src/test/java/com/ai/token/experiment/Defects.java; cat investigation/src/test/java/com/ai/token/experiment/FailureCasesTest.java; cat test.sh',True,False,False,False,investigation/trials/v1/01/agent/1/returned-tool-text/002.txt,9001,165,1957,tiktoken 0.14.0 o200k_base
01,agent,1,3,/bin/zsh -lc ./test.sh,True,False,False,False,investigation/trials/v1/01/agent/1/returned-tool-text/003.txt,1938,32,473,tiktoken 0.14.0 o200k_base
01,agent,1,4,/bin/zsh -lc './test.sh -Dkotlin.compiler.daemon=false',True,False,False,False,investigation/trials/v1/01/agent/1/returned-tool-text/004.txt,3243,58,879,tiktoken 0.14.0 o200k_base
01,default,1,0,/bin/zsh -lc 'cat failure.log',True,False,True,False,investigation/trials/v1/01/default/1/returned-tool-text/000.txt,4758,79,1275,tiktoken 0.14.0 o200k_base
01,default,1,1,"/bin/zsh -lc ""pwd; rg --files -g 'AGENTS.md' -g 'Defects.java' -g 'test.sh'""",True,False,False,False,investigation/trials/v1/01/default/1/returned-tool-text/001.txt,153,3,56,tiktoken 0.14.0 o200k_base
01,default,1,2,/bin/zsh -lc 'cat investigation/src/test/java/com/ai/token/experiment/Defects.java; cat investigation/src/test/java/com/ai/token/experiment/FailureCasesTest.java; cat test.sh',True,False,False,False,investigation/trials/v1/01/default/1/returned-tool-text/002.txt,8926,165,1938,tiktoken 0.14.0 o200k_base
01,default,1,3,/bin/zsh -lc ./test.sh,True,False,False,False,investigation/trials/v1/01/default/1/returned-tool-text/003.txt,1938,32,473,tiktoken 0.14.0 o200k_base
01,default,1,4,/bin/zsh -lc './test.sh -Dkotlin.compiler.daemon=false',True,False,False,False,investigation/trials/v1/01/default/1/returned-tool-text/004.txt,3243,58,877,tiktoken 0.14.0 o200k_base
02,agent,1,0,/bin/zsh -lc 'cat failure.log',True,False,True,False,investigation/trials/v1/02/agent/1/returned-tool-text/000.txt,7399,117,2118,tiktoken 0.14.0 o200k_base
02,agent,1,1,/bin/zsh -lc 'pwd; rg --files -g AGENTS.md -g Defects.java -g test.sh',True,False,False,False,investigation/trials/v1/02/agent/1/returned-tool-text/001.txt,153,3,56,tiktoken 0.14.0 o200k_base
02,agent,1,2,/bin/zsh -lc 'cat investigation/src/test/java/com/ai/token/experiment/Defects.java; cat investigation/src/test/java/com/ai/token/experiment/FailureCasesTest.java; cat test.sh',True,False,False,False,investigation/trials/v1/02/agent/1/returned-tool-text/002.txt,9001,165,1957,tiktoken 0.14.0 o200k_base
02,agent,1,3,/bin/zsh -lc ./test.sh,True,False,False,False,investigation/trials/v1/02/agent/1/returned-tool-text/003.txt,1936,32,473,tiktoken 0.14.0 o200k_base
02,agent,1,4,/bin/zsh -lc './test.sh -Dkotlin.compiler.daemon=false',True,False,False,False,investigation/trials/v1/02/agent/1/returned-tool-text/004.txt,4390,72,1313,tiktoken 0.14.0 o200k_base
02,default,1,0,/bin/zsh -lc 'cat failure.log',True,False,True,False,investigation/trials/v1/02/default/1/returned-tool-text/000.txt,18995,202,5395,tiktoken 0.14.0 o200k_base
02,default,1,1,"/bin/zsh -lc ""rg --files -g 'AGENTS.md' -g 'Defects.java' -g 'test.sh'""",True,False,False,False,investigation/trials/v1/02/default/1/returned-tool-text/001.txt,73,2,19,tiktoken 0.14.0 o200k_base
02,default,1,2,/bin/zsh -lc 'cat investigation/src/test/java/com/ai/token/experiment/Defects.java investigation/src/test/java/com/ai/token/experiment/FailureCasesTest.java test.sh',True,False,False,False,investigation/trials/v1/02/default/1/returned-tool-text/002.txt,8926,165,1938,tiktoken 0.14.0 o200k_base
02,default,1,3,/bin/zsh -lc ./test.sh,True,False,False,False,investigation/trials/v1/02/default/1/returned-tool-text/003.txt,1938,32,473,tiktoken 0.14.0 o200k_base
02,default,1,4,/bin/zsh -lc './test.sh -Dkotlin.compiler.daemon=false',True,False,False,False,investigation/trials/v1/02/default/1/returned-tool-text/004.txt,4251,72,1245,tiktoken 0.14.0 o200k_base
02,default,1,5,/bin/zsh -lc 'git diff -- investigation/src/test/java/com/ai/token/experiment/Defects.java',False,False,False,False,investigation/trials/v1/02/default/1/returned-tool-text/005.txt,7365,130,1652,tiktoken 0.14.0 o200k_base
03,agent,1,0,/bin/zsh -lc 'cat failure.log',True,False,True,False,investigation/trials/v1/03/agent/1/returned-tool-text/000.txt,11411,137,3177,tiktoken 0.14.0 o200k_base
03,agent,1,1,"/bin/zsh -lc ""pwd; rg --files -g 'AGENTS.md' -g 'Defects.java' -g 'test.sh'""",True,False,False,False,investigation/trials/v1/03/agent/1/returned-tool-text/001.txt,153,3,55,tiktoken 0.14.0 o200k_base
03,agent,1,2,/bin/zsh -lc 'cat investigation/src/test/java/com/ai/token/experiment/Defects.java; cat investigation/src/test/java/com/ai/token/experiment/FailureCasesTest.java; cat test.sh',True,False,False,False,investigation/trials/v1/03/agent/1/returned-tool-text/002.txt,9835,173,2127,tiktoken 0.14.0 o200k_base
03,agent,1,3,/bin/zsh -lc ./test.sh,True,False,False,False,investigation/trials/v1/03/agent/1/returned-tool-text/003.txt,1936,32,473,tiktoken 0.14.0 o200k_base
03,agent,1,4,"/bin/zsh -lc 'JAVA_TOOL_OPTIONS=""-Dkotlin.daemon.runFilesPath=$PWD/target/kotlin-daemon"" ./test.sh'",True,False,False,False,investigation/trials/v1/03/agent/1/returned-tool-text/004.txt,1938,32,473,tiktoken 0.14.0 o200k_base
03,agent,1,5,"/bin/zsh -lc ""rg --files /Users/hadiranjbar/Downloads/java/token.usage/investigation/.m2/org/jetbrains/kotlin | rg 'daemon.*jar""'$|maven-plugin.*jar$'""'""",False,False,False,False,investigation/trials/v1/03/agent/1/returned-tool-text/005.txt,441,3,150,tiktoken 0.14.0 o200k_base
03,agent,1,6,"/bin/zsh -lc 'JAVA_TOOL_OPTIONS=""-Duser.home=$PWD/target/test-home"" ./test.sh'",True,False,False,False,investigation/trials/v1/03/agent/1/returned-tool-text/006.txt,43288,314,12835,tiktoken 0.14.0 o200k_base
03,agent,1,7,/bin/zsh -lc 'git diff -- investigation/src/test/java/com/ai/token/experiment/Defects.java; git status --short',False,False,False,False,investigation/trials/v1/03/agent/1/returned-tool-text/007.txt,7434,131,1669,tiktoken 0.14.0 o200k_base
03,default,1,0,/bin/zsh -lc 'cat failure.log',True,False,True,False,investigation/trials/v1/03/default/1/returned-tool-text/000.txt,23204,217,6520,tiktoken 0.14.0 o200k_base
03,default,1,1,/bin/zsh -lc 'rg --files -g AGENTS.md -g Defects.java -g test.sh',True,False,False,False,investigation/trials/v1/03/default/1/returned-tool-text/001.txt,73,2,19,tiktoken 0.14.0 o200k_base
03,default,1,2,/bin/zsh -lc 'cat investigation/src/test/java/com/ai/token/experiment/Defects.java investigation/src/test/java/com/ai/token/experiment/FailureCasesTest.java test.sh',True,False,False,False,investigation/trials/v1/03/default/1/returned-tool-text/002.txt,9760,173,2108,tiktoken 0.14.0 o200k_base
03,default,1,3,/bin/zsh -lc ./test.sh,True,False,False,False,investigation/trials/v1/03/default/1/returned-tool-text/003.txt,1938,32,473,tiktoken 0.14.0 o200k_base
03,default,1,4,/bin/zsh -lc 'git diff -- investigation/src/test/java/com/ai/token/experiment/Defects.java',False,False,False,False,investigation/trials/v1/03/default/1/returned-tool-text/004.txt,7365,130,1652,tiktoken 0.14.0 o200k_base
03,default,1,5,"/bin/zsh -lc ""MAVEN_OPTS='-Dkotlin.daemon.runFilesPath=/tmp' ./test.sh""",True,False,False,False,investigation/trials/v1/03/default/1/returned-tool-text/005.txt,1936,32,473,tiktoken 0.14.0 o200k_base
03,default,1,6,"/bin/zsh -lc ""MAVEN_OPTS='-Dkotlin.daemon.options=runFilesPath=/tmp' ./test.sh""",True,False,False,False,investigation/trials/v1/03/default/1/returned-tool-text/006.txt,42352,311,12439,tiktoken 0.14.0 o200k_base
03,default,1,7,/bin/zsh -lc './test.sh -Dkotlin.compiler.daemon=false',True,False,False,False,investigation/trials/v1/03/default/1/returned-tool-text/007.txt,4882,76,1448,tiktoken 0.14.0 o200k_base
04,agent,1,0,/bin/zsh -lc 'cat failure.log',True,False,True,False,investigation/trials/v1/04/agent/1/returned-tool-text/000.txt,12659,149,3475,tiktoken 0.14.0 o200k_base
04,agent,1,1,"/bin/zsh -lc ""pwd; rg --files -g 'AGENTS.md' -g 'Defects.java' -g 'test.sh'""",True,False,False,False,investigation/trials/v1/04/agent/1/returned-tool-text/001.txt,153,3,57,tiktoken 0.14.0 o200k_base
04,agent,1,2,/bin/zsh -lc 'cat investigation/src/test/java/com/ai/token/experiment/Defects.java; cat investigation/src/test/java/com/ai/token/experiment/FailureCasesTest.java; cat test.sh',True,False,False,False,investigation/trials/v1/04/agent/1/returned-tool-text/002.txt,9835,173,2127,tiktoken 0.14.0 o200k_base
04,agent,1,3,/bin/zsh -lc ./test.sh,True,False,False,False,investigation/trials/v1/04/agent/1/returned-tool-text/003.txt,1936,32,473,tiktoken 0.14.0 o200k_base
04,agent,1,4,/bin/zsh -lc 'git diff -- investigation/src/test/java/com/ai/token/experiment/Defects.java; git status --short',False,False,False,False,investigation/trials/v1/04/agent/1/returned-tool-text/004.txt,7434,131,1669,tiktoken 0.14.0 o200k_base
04,agent,1,5,"/bin/zsh -lc 'MAVEN_OPTS=""${MAVEN_OPTS:-} -Dkotlin.daemon.runFilesPath=/tmp/kotlin-daemon-repair"" ./test.sh'",True,False,False,False,investigation/trials/v1/04/agent/1/returned-tool-text/005.txt,1936,32,473,tiktoken 0.14.0 o200k_base
04,agent,1,6,"/bin/zsh -lc 'MAVEN_OPTS=""${MAVEN_OPTS:-} -Dkotlin.daemon.options=runFilesPath=/tmp/kotlin-daemon-repair"" ./test.sh'",True,False,False,False,investigation/trials/v1/04/agent/1/returned-tool-text/006.txt,42415,311,12457,tiktoken 0.14.0 o200k_base
04,agent,1,7,"/bin/zsh -lc ""unzip -p /Users/hadiranjbar/Downloads/java/token.usage/investigation/.m2/org/jetbrains/kotlin/kotlin-maven-plugin/2.3.21/kotlin-maven-plugin-2.3.21.jar META-INF/maven/plugin.xml | rg -n -C 3 'daemon|execution.strategy'""",False,False,False,False,investigation/trials/v1/04/agent/1/returned-tool-text/007.txt,10964,141,2344,tiktoken 0.14.0 o200k_base
04,agent,1,8,/bin/zsh -lc './test.sh -Dkotlin.compiler.daemon=false',True,False,False,False,investigation/trials/v1/04/agent/1/returned-tool-text/008.txt,5143,85,1601,tiktoken 0.14.0 o200k_base
04,default,1,0,/bin/zsh -lc 'cat failure.log',True,False,True,False,investigation/trials/v1/04/default/1/returned-tool-text/000.txt,27130,253,7253,tiktoken 0.14.0 o200k_base
04,default,1,1,/bin/zsh -lc 'pwd; rg --files -g AGENTS.md -g Defects.java -g test.sh',True,False,False,False,investigation/trials/v1/04/default/1/returned-tool-text/001.txt,153,3,56,tiktoken 0.14.0 o200k_base
04,default,1,2,/bin/zsh -lc 'cat investigation/src/test/java/com/ai/token/experiment/Defects.java; cat investigation/src/test/java/com/ai/token/experiment/FailureCasesTest.java; cat test.sh',True,False,False,False,investigation/trials/v1/04/default/1/returned-tool-text/002.txt,9760,173,2108,tiktoken 0.14.0 o200k_base
04,default,1,3,/bin/zsh -lc ./test.sh,True,False,False,False,investigation/trials/v1/04/default/1/returned-tool-text/003.txt,1936,32,473,tiktoken 0.14.0 o200k_base
04,default,1,4,"/bin/zsh -lc 'JAVA_TOOL_OPTIONS=""-Dkotlin.daemon.runFilesPath=$PWD/target/kotlin-daemon"" ./test.sh'",True,False,False,False,investigation/trials/v1/04/default/1/returned-tool-text/004.txt,1938,32,473,tiktoken 0.14.0 o200k_base
04,default,1,5,"/bin/zsh -lc 'JAVA_TOOL_OPTIONS=""-Dkotlin.daemon.options=runFilesPath=$PWD/target"" ./test.sh'",True,False,False,False,investigation/trials/v1/04/default/1/returned-tool-text/005.txt,43105,314,12742,tiktoken 0.14.0 o200k_base
04,default,1,6,/bin/zsh -lc './test.sh -Dkotlin.compiler.daemon=false',True,False,False,False,investigation/trials/v1/04/default/1/returned-tool-text/006.txt,5209,85,1603,tiktoken 0.14.0 o200k_base
04,default,1,7,/bin/zsh -lc 'git diff --stat; git diff -- investigation/src/test/java/com/ai/token/experiment/Defects.java',False,False,False,False,investigation/trials/v1/04/default/1/returned-tool-text/007.txt,14730,260,3304,tiktoken 0.14.0 o200k_base
05,agent,1,0,/bin/zsh -lc 'cat failure.log',True,False,True,False,investigation/trials/v1/05/agent/1/returned-tool-text/000.txt,5881,91,1719,tiktoken 0.14.0 o200k_base
05,agent,1,1,/bin/zsh -lc 'pwd; rg --files -g AGENTS.md -g Defects.java -g test.sh',True,False,False,False,investigation/trials/v1/05/agent/1/returned-tool-text/001.txt,153,3,56,tiktoken 0.14.0 o200k_base
05,agent,1,2,/bin/zsh -lc 'cat investigation/src/test/java/com/ai/token/experiment/Defects.java; cat investigation/src/test/java/com/ai/token/experiment/FailureCasesTest.java; cat test.sh',True,False,False,False,investigation/trials/v1/05/agent/1/returned-tool-text/002.txt,9835,173,2127,tiktoken 0.14.0 o200k_base
05,agent,1,3,/bin/zsh -lc ./test.sh,True,False,False,False,investigation/trials/v1/05/agent/1/returned-tool-text/003.txt,1938,32,473,tiktoken 0.14.0 o200k_base
05,agent,1,4,/bin/zsh -lc './test.sh -Dkotlin.compiler.daemon=false',True,False,False,False,investigation/trials/v1/05/agent/1/returned-tool-text/004.txt,4390,72,1314,tiktoken 0.14.0 o200k_base
05,agent,1,5,/bin/zsh -lc 'git diff -- investigation/src/test/java/com/ai/token/experiment/Defects.java; git status --short',False,False,False,False,investigation/trials/v1/05/agent/1/returned-tool-text/005.txt,7434,131,1669,tiktoken 0.14.0 o200k_base
05,default,1,0,/bin/zsh -lc 'cat failure.log',True,False,True,False,investigation/trials/v1/05/default/1/returned-tool-text/000.txt,6882,108,1929,tiktoken 0.14.0 o200k_base
05,default,1,1,/bin/zsh -lc 'pwd; rg --files -g AGENTS.md -g Defects.java -g test.sh',True,False,False,False,investigation/trials/v1/05/default/1/returned-tool-text/001.txt,153,3,56,tiktoken 0.14.0 o200k_base
05,default,1,2,/bin/zsh -lc 'cat investigation/src/test/java/com/ai/token/experiment/Defects.java investigation/src/test/java/com/ai/token/experiment/FailureCasesTest.java test.sh',True,False,False,False,investigation/trials/v1/05/default/1/returned-tool-text/002.txt,9760,173,2108,tiktoken 0.14.0 o200k_base
05,default,1,3,"/bin/zsh -lc ""git status --short; rg --files --hidden -g AGENTS.md -g '""'! .git'""'""",False,False,False,False,investigation/trials/v1/05/default/1/returned-tool-text/003.txt,69,1,17,tiktoken 0.14.0 o200k_base
05,default,1,4,/bin/zsh -lc ./test.sh,True,False,False,False,investigation/trials/v1/05/default/1/returned-tool-text/004.txt,1936,32,473,tiktoken 0.14.0 o200k_base
05,default,1,5,"/bin/zsh -lc 'MAVEN_OPTS=""${MAVEN_OPTS:-} -Dkotlin.daemon.runFilesPath=$PWD/target/kotlin-daemon"" ./test.sh'",True,False,False,False,investigation/trials/v1/05/default/1/returned-tool-text/005.txt,1936,32,473,tiktoken 0.14.0 o200k_base
05,default,1,6,"/bin/zsh -lc 'MAVEN_OPTS=""${MAVEN_OPTS:-} -Duser.home=$PWD/target"" ./test.sh'",True,False,False,False,investigation/trials/v1/05/default/1/returned-tool-text/006.txt,42757,311,12652,tiktoken 0.14.0 o200k_base
06,agent,1,0,/bin/zsh -lc 'cat failure.log',True,False,True,False,investigation/trials/v1/06/agent/1/returned-tool-text/000.txt,8309,118,2526,tiktoken 0.14.0 o200k_base
06,agent,1,1,/bin/zsh -lc 'pwd; rg --files -g AGENTS.md -g Defects.java -g test.sh',True,False,False,False,investigation/trials/v1/06/agent/1/returned-tool-text/001.txt,153,3,56,tiktoken 0.14.0 o200k_base
06,agent,1,2,/bin/zsh -lc 'cat investigation/src/test/java/com/ai/token/experiment/Defects.java; cat investigation/src/test/java/com/ai/token/experiment/FailureCasesTest.java; cat test.sh',True,False,False,False,investigation/trials/v1/06/agent/1/returned-tool-text/002.txt,9835,173,2127,tiktoken 0.14.0 o200k_base
06,agent,1,3,/bin/zsh -lc ./test.sh,True,False,False,False,investigation/trials/v1/06/agent/1/returned-tool-text/003.txt,1938,32,473,tiktoken 0.14.0 o200k_base
06,agent,1,4,/bin/zsh -lc './test.sh -Dkotlin.compiler.daemon=false',True,False,False,False,investigation/trials/v1/06/agent/1/returned-tool-text/004.txt,4390,72,1313,tiktoken 0.14.0 o200k_base
06,default,1,0,/bin/zsh -lc 'cat failure.log',True,False,True,False,investigation/trials/v1/06/default/1/returned-tool-text/000.txt,33680,303,9846,tiktoken 0.14.0 o200k_base
06,default,1,1,/bin/zsh -lc 'pwd; rg --files -g AGENTS.md -g Defects.java -g test.sh',True,False,False,False,investigation/trials/v1/06/default/1/returned-tool-text/001.txt,153,3,60,tiktoken 0.14.0 o200k_base
06,default,1,2,/bin/zsh -lc 'cat investigation/src/test/java/com/ai/token/experiment/Defects.java; cat investigation/src/test/java/com/ai/token/experiment/FailureCasesTest.java; cat test.sh',True,False,False,False,investigation/trials/v1/06/default/1/returned-tool-text/002.txt,9760,173,2108,tiktoken 0.14.0 o200k_base
06,default,1,3,/bin/zsh -lc ./test.sh,True,False,False,False,investigation/trials/v1/06/default/1/returned-tool-text/003.txt,1938,32,473,tiktoken 0.14.0 o200k_base
06,default,1,4,/bin/zsh -lc 'git diff -- investigation/src/test/java/com/ai/token/experiment/Defects.java; git status --short',False,False,False,False,investigation/trials/v1/06/default/1/returned-tool-text/004.txt,7434,131,1669,tiktoken 0.14.0 o200k_base
06,default,1,5,"/bin/zsh -lc ""MAVEN_OPTS='-Dkotlin.daemon.runFilesPath=/tmp/kotlin-daemon-logging-trial' ./test.sh""",True,False,False,False,investigation/trials/v1/06/default/1/returned-tool-text/005.txt,1936,32,473,tiktoken 0.14.0 o200k_base
06,default,1,6,"/bin/zsh -lc ""MAVEN_OPTS='-Duser.home=/tmp' ./test.sh""",True,False,False,False,investigation/trials/v1/06/default/1/returned-tool-text/006.txt,42271,311,12433,tiktoken 0.14.0 o200k_base
06,default,1,7,"/bin/zsh -lc ""unzip -p /Users/hadiranjbar/Downloads/java/token.usage/investigation/.m2/org/jetbrains/kotlin/kotlin-maven-plugin/2.3.21/kotlin-maven-plugin-2.3.21.jar META-INF/maven/plugin.xml | rg -n -C 3 'daemon|strategy'""",False,False,False,False,investigation/trials/v1/06/default/1/returned-tool-text/007.txt,10964,141,2344,tiktoken 0.14.0 o200k_base
