case,condition,run,index,command,returned_text,exit_code,truncation_marker,category,log_directed,source_directed,test_execution,log_bytes_lower,log_bytes_upper,log_token_lower,log_token_upper,unallocated_log_mixed,segment_rules,segments,bytes,lines,tokens,tokenizer
01,conservative,1,0,"/bin/zsh -lc ""pwd; rg --files -g 'AGENTS.md' -g 'failure.log' -g 'test.sh' -g 'Defects.java'""",investigation/natural-reading/main/trials/01/conservative/1/returned-text/000.txt,0,False,other,False,False,False,0,0,0,0,False,[],[],174,5,61,tiktoken 0.14.0 o200k_base
01,conservative,1,1,/bin/zsh -lc 'cat failure.log; cat investigation/src/test/java/com/ai/token/experiment/Defects.java; cat test.sh',investigation/natural-reading/main/trials/01/conservative/1/returned-text/001.txt,0,False,mixed,True,True,False,4827,4827,1294,1294,False,"[""literal full-file match""]","[{""start_character"": 0, ""end_character"": 4827, ""bytes"": 4827, ""lines"": 81, ""tokens"": 1294, ""tokenizer"": ""tiktoken 0.14.0 o200k_base""}]",8395,152,2096,tiktoken 0.14.0 o200k_base
01,conservative,1,2,/bin/zsh -lc 'cat AGENTS.md; cat investigation/src/test/java/com/ai/token/experiment/FailureCasesTest.java; git status --short',investigation/natural-reading/main/trials/01/conservative/1/returned-text/002.txt,128,False,mixed,False,True,False,0,0,0,0,False,[],[],6643,102,1400,tiktoken 0.14.0 o200k_base
01,conservative,1,3,/bin/zsh -lc ./test.sh,investigation/natural-reading/main/trials/01/conservative/1/returned-text/003.txt,1,False,test_command,False,False,True,0,0,0,0,False,[],[],4827,81,1294,tiktoken 0.14.0 o200k_base
01,conservative,1,4,/bin/zsh -lc ./test.sh,investigation/natural-reading/main/trials/01/conservative/1/returned-text/004.txt,0,False,test_command,False,False,True,0,0,0,0,False,[],[],3241,58,873,tiktoken 0.14.0 o200k_base
01,conservative,2,0,"/bin/zsh -lc ""pwd; rg --files -g 'AGENTS.md' -g 'failure.log' -g 'test.sh' -g 'Defects.java'""",investigation/natural-reading/main/trials/01/conservative/2/returned-text/000.txt,0,False,other,False,False,False,0,0,0,0,False,[],[],174,5,63,tiktoken 0.14.0 o200k_base
01,conservative,2,1,/bin/zsh -lc 'cat failure.log; cat investigation/src/test/java/com/ai/token/experiment/Defects.java; cat test.sh',investigation/natural-reading/main/trials/01/conservative/2/returned-text/001.txt,0,False,mixed,True,True,False,4827,4827,1300,1300,False,"[""literal full-file match""]","[{""start_character"": 0, ""end_character"": 4827, ""bytes"": 4827, ""lines"": 81, ""tokens"": 1300, ""tokenizer"": ""tiktoken 0.14.0 o200k_base""}]",8395,152,2102,tiktoken 0.14.0 o200k_base
01,conservative,2,2,"/bin/zsh -lc ""cat AGENTS.md; sed -n '1,100p' investigation/src/test/java/com/ai/token/experiment/FailureCasesTest.java; git status --short; ./test.sh""",investigation/natural-reading/main/trials/01/conservative/2/returned-text/002.txt,1,False,mixed,False,True,True,0,0,0,0,False,[],[],4827,81,1300,tiktoken 0.14.0 o200k_base
01,conservative,2,3,/bin/zsh -lc ./test.sh,investigation/natural-reading/main/trials/01/conservative/2/returned-text/003.txt,0,False,test_command,False,False,True,0,0,0,0,False,[],[],3241,58,877,tiktoken 0.14.0 o200k_base
01,default,1,0,"/bin/zsh -lc ""pwd; rg --files -g 'AGENTS.md' -g 'failure.log' -g 'test.sh' -g 'Defects.java' -g '*Test*'""",investigation/natural-reading/main/trials/01/default/1/returned-text/000.txt,0,False,other,False,False,False,0,0,0,0,False,[],[],384,8,112,tiktoken 0.14.0 o200k_base
01,default,1,1,/bin/zsh -lc 'cat failure.log; cat investigation/src/test/java/com/ai/token/experiment/Defects.java; cat test.sh',investigation/natural-reading/main/trials/01/default/1/returned-text/001.txt,0,False,mixed,True,True,False,4827,4827,1306,1306,False,"[""literal full-file match""]","[{""start_character"": 0, ""end_character"": 4827, ""bytes"": 4827, ""lines"": 81, ""tokens"": 1306, ""tokenizer"": ""tiktoken 0.14.0 o200k_base""}]",8334,152,2093,tiktoken 0.14.0 o200k_base
01,default,1,2,"/bin/zsh -lc ""cat AGENTS.md; sed -n '1,95p' investigation/src/test/java/com/ai/token/experiment/FailureCasesTest.java; git status --short""",investigation/natural-reading/main/trials/01/default/1/returned-text/002.txt,128,False,mixed,False,True,False,0,0,0,0,False,[],[],6219,97,1309,tiktoken 0.14.0 o200k_base
01,default,1,3,/bin/zsh -lc ./test.sh,investigation/natural-reading/main/trials/01/default/1/returned-text/003.txt,1,False,test_command,False,False,True,0,0,0,0,False,[],[],4827,81,1306,tiktoken 0.14.0 o200k_base
01,default,1,4,/bin/zsh -lc ./test.sh,investigation/natural-reading/main/trials/01/default/1/returned-text/004.txt,0,False,test_command,False,False,True,0,0,0,0,False,[],[],3241,58,881,tiktoken 0.14.0 o200k_base
01,default,2,0,/bin/zsh -lc 'cat failure.log',investigation/natural-reading/main/trials/01/default/2/returned-text/000.txt,0,False,log_inspection,True,False,False,4827,4827,1297,1297,False,"[""entire log-directed result""]","[{""start_character"": 0, ""end_character"": 4827, ""bytes"": 4827, ""lines"": 81, ""tokens"": 1297, ""tokenizer"": ""tiktoken 0.14.0 o200k_base""}]",4827,81,1297,tiktoken 0.14.0 o200k_base
01,default,2,1,/bin/zsh -lc 'cat investigation/src/test/java/com/ai/token/experiment/Defects.java',investigation/natural-reading/main/trials/01/default/2/returned-text/001.txt,0,False,source_read,False,True,False,0,0,0,0,False,[],[],3090,67,670,tiktoken 0.14.0 o200k_base
01,default,2,2,/bin/zsh -lc 'cat test.sh; rg --files -g AGENTS.md',investigation/natural-reading/main/trials/01/default/2/returned-text/002.txt,0,False,mixed,False,True,False,0,0,0,0,False,[],[],427,5,121,tiktoken 0.14.0 o200k_base
01,default,2,3,"/bin/zsh -lc ""cat AGENTS.md; sed -n '1,85p' investigation/src/test/java/com/ai/token/experiment/FailureCasesTest.java""",investigation/natural-reading/main/trials/01/default/2/returned-text/003.txt,0,False,source_read,False,True,False,0,0,0,0,False,[],[],5551,86,1171,tiktoken 0.14.0 o200k_base
01,default,2,4,/bin/zsh -lc ./test.sh,investigation/natural-reading/main/trials/01/default/2/returned-text/004.txt,1,False,test_command,False,False,True,0,0,0,0,False,[],[],4827,81,1297,tiktoken 0.14.0 o200k_base
01,default,2,5,/bin/zsh -lc ./test.sh,investigation/natural-reading/main/trials/01/default/2/returned-text/005.txt,0,False,test_command,False,False,True,0,0,0,0,False,[],[],3241,58,875,tiktoken 0.14.0 o200k_base
01,default,2,6,/bin/zsh -lc 'git diff -- investigation/src/test/java/com/ai/token/experiment/Defects.java; git status --short',investigation/natural-reading/main/trials/01/default/2/returned-text/006.txt,128,False,other,False,False,False,0,0,0,0,False,[],[],7434,131,1669,tiktoken 0.14.0 o200k_base
02,conservative,1,0,"/bin/zsh -lc ""pwd; rg --files -g 'AGENTS.md' -g 'failure.log' -g 'Defects.java' -g 'test.sh'""",investigation/natural-reading/main/trials/02/conservative/1/returned-text/000.txt,0,False,other,False,False,False,0,0,0,0,False,[],[],174,5,63,tiktoken 0.14.0 o200k_base
02,conservative,1,1,/bin/zsh -lc 'cat failure.log',investigation/natural-reading/main/trials/02/conservative/1/returned-text/001.txt,0,False,log_inspection,True,False,False,7525,7525,2108,2108,False,"[""entire log-directed result""]","[{""start_character"": 0, ""end_character"": 7524, ""bytes"": 7525, ""lines"": 128, ""tokens"": 2108, ""tokenizer"": ""tiktoken 0.14.0 o200k_base""}]",7525,128,2108,tiktoken 0.14.0 o200k_base
02,conservative,1,2,/bin/zsh -lc 'cat investigation/src/test/java/com/ai/token/experiment/Defects.java',investigation/natural-reading/main/trials/02/conservative/1/returned-text/002.txt,0,False,source_read,False,True,False,0,0,0,0,False,[],[],3090,67,670,tiktoken 0.14.0 o200k_base
02,conservative,1,3,/bin/zsh -lc 'cat AGENTS.md; cat test.sh; cat investigation/src/test/java/com/ai/token/experiment/FailureCasesTest.java',investigation/natural-reading/main/trials/02/conservative/1/returned-text/003.txt,0,False,source_read,False,True,False,0,0,0,0,False,[],[],7052,105,1515,tiktoken 0.14.0 o200k_base
02,conservative,1,4,"/bin/zsh -lc ""git status --short; rg -n 'connect\\(|parsePort|eighty' investigation""",investigation/natural-reading/main/trials/02/conservative/1/returned-text/004.txt,0,False,mixed,False,True,False,0,0,0,0,False,[],[],698,6,174,tiktoken 0.14.0 o200k_base
02,conservative,1,5,/bin/zsh -lc ./test.sh,investigation/natural-reading/main/trials/02/conservative/1/returned-text/005.txt,1,False,test_command,False,False,True,0,0,0,0,False,[],[],7524,128,2108,tiktoken 0.14.0 o200k_base
02,conservative,1,6,/bin/zsh -lc ./test.sh,investigation/natural-reading/main/trials/02/conservative/1/returned-text/006.txt,0,False,test_command,False,False,True,0,0,0,0,False,[],[],3993,71,1161,tiktoken 0.14.0 o200k_base
02,conservative,2,0,/bin/zsh -lc 'cat failure.log; cat investigation/src/test/java/com/ai/token/experiment/Defects.java',investigation/natural-reading/main/trials/02/conservative/2/returned-text/000.txt,0,False,mixed,True,True,False,7523,7523,2109,2109,False,"[""literal full-file match""]","[{""start_character"": 0, ""end_character"": 7522, ""bytes"": 7523, ""lines"": 128, ""tokens"": 2109, ""tokenizer"": ""tiktoken 0.14.0 o200k_base""}]",10613,195,2779,tiktoken 0.14.0 o200k_base
02,conservative,2,1,/bin/zsh -lc 'cat investigation/src/test/java/com/ai/token/experiment/FailureCasesTest.java; cat test.sh; git status --short',investigation/natural-reading/main/trials/02/conservative/2/returned-text/001.txt,128,False,mixed,False,True,False,0,0,0,0,False,[],[],6578,105,1429,tiktoken 0.14.0 o200k_base
02,conservative,2,2,/bin/zsh -lc ./test.sh,investigation/natural-reading/main/trials/02/conservative/2/returned-text/002.txt,1,False,test_command,False,False,True,0,0,0,0,False,[],[],7524,128,2109,tiktoken 0.14.0 o200k_base
02,conservative,2,3,/bin/zsh -lc ./test.sh,investigation/natural-reading/main/trials/02/conservative/2/returned-text/003.txt,0,False,test_command,False,False,True,0,0,0,0,False,[],[],3993,71,1162,tiktoken 0.14.0 o200k_base
02,default,1,0,"/bin/zsh -lc ""pwd; rg --files -g 'AGENTS.md' -g 'failure.log' -g 'test.sh' -g '*Defects*'""",investigation/natural-reading/main/trials/02/default/1/returned-text/000.txt,0,False,other,False,False,False,0,0,0,0,False,[],[],174,5,63,tiktoken 0.14.0 o200k_base
02,default,1,1,/bin/zsh -lc 'cat failure.log; cat investigation/src/test/java/com/ai/token/experiment/Defects.java; cat test.sh',investigation/natural-reading/main/trials/02/default/1/returned-text/001.txt,0,False,mixed,True,True,False,19012,19012,5410,5410,False,"[""literal full-file match""]","[{""start_character"": 0, ""end_character"": 19011, ""bytes"": 19012, ""lines"": 203, ""tokens"": 5410, ""tokenizer"": ""tiktoken 0.14.0 o200k_base""}]",22519,274,6197,tiktoken 0.14.0 o200k_base
02,default,1,2,/bin/zsh -lc 'cat AGENTS.md; cat investigation/src/test/java/com/ai/token/experiment/FailureCasesTest.java; git status --short',investigation/natural-reading/main/trials/02/default/1/returned-text/002.txt,128,False,mixed,False,True,False,0,0,0,0,False,[],[],6643,102,1400,tiktoken 0.14.0 o200k_base
02,default,1,3,/bin/zsh -lc ./test.sh,investigation/natural-reading/main/trials/02/default/1/returned-text/003.txt,0,False,test_command,False,False,True,0,0,0,0,False,[],[],4198,71,1235,tiktoken 0.14.0 o200k_base
02,default,2,0,/bin/zsh -lc 'cat failure.log',investigation/natural-reading/main/trials/02/default/2/returned-text/000.txt,0,False,log_inspection,True,False,False,19012,19012,5406,5406,False,"[""entire log-directed result""]","[{""start_character"": 0, ""end_character"": 19011, ""bytes"": 19012, ""lines"": 203, ""tokens"": 5406, ""tokenizer"": ""tiktoken 0.14.0 o200k_base""}]",19012,203,5406,tiktoken 0.14.0 o200k_base
02,default,2,1,/bin/zsh -lc 'cat investigation/src/test/java/com/ai/token/experiment/Defects.java',investigation/natural-reading/main/trials/02/default/2/returned-text/001.txt,0,False,source_read,False,True,False,0,0,0,0,False,[],[],3090,67,670,tiktoken 0.14.0 o200k_base
02,default,2,2,/bin/zsh -lc 'cat investigation/src/test/java/com/ai/token/experiment/FailureCasesTest.java',investigation/natural-reading/main/trials/02/default/2/returned-text/002.txt,0,False,source_read,False,True,False,0,0,0,0,False,[],[],6031,100,1280,tiktoken 0.14.0 o200k_base
02,default,2,3,/bin/zsh -lc 'cat test.sh; git status --short; rg --files -g AGENTS.md',investigation/natural-reading/main/trials/02/default/2/returned-text/003.txt,0,False,mixed,False,True,False,0,0,0,0,False,[],[],496,6,138,tiktoken 0.14.0 o200k_base
02,default,2,4,/bin/zsh -lc 'cat AGENTS.md',investigation/natural-reading/main/trials/02/default/2/returned-text/004.txt,0,False,source_read,False,True,False,0,0,0,0,False,[],[],543,1,103,tiktoken 0.14.0 o200k_base
02,default,2,5,/bin/zsh -lc ./test.sh,investigation/natural-reading/main/trials/02/default/2/returned-text/005.txt,1,False,test_command,False,False,True,0,0,0,0,False,[],[],19013,203,5406,tiktoken 0.14.0 o200k_base
02,default,2,6,/bin/zsh -lc ./test.sh,investigation/natural-reading/main/trials/02/default/2/returned-text/006.txt,0,False,test_command,False,False,True,0,0,0,0,False,[],[],4198,71,1232,tiktoken 0.14.0 o200k_base
03,conservative,1,0,"/bin/zsh -lc ""pwd; rg --files -g 'AGENTS.md' -g 'failure.log' -g 'test.sh' -g '*Defects*' -g 'pom.xml'""",investigation/natural-reading/main/trials/03/conservative/1/returned-text/000.txt,0,False,other,False,False,False,0,0,0,0,False,[],[],182,6,65,tiktoken 0.14.0 o200k_base
03,conservative,1,1,/bin/zsh -lc 'cat failure.log; cat investigation/src/test/java/com/ai/token/experiment/Defects.java; cat test.sh',investigation/natural-reading/main/trials/03/conservative/1/returned-text/001.txt,0,False,mixed,True,True,False,11493,11493,3135,3135,False,"[""literal full-file match""]","[{""start_character"": 0, ""end_character"": 11493, ""bytes"": 11493, ""lines"": 143, ""tokens"": 3135, ""tokenizer"": ""tiktoken 0.14.0 o200k_base""}]",15061,214,3937,tiktoken 0.14.0 o200k_base
03,conservative,1,2,/bin/zsh -lc 'cat AGENTS.md; cat investigation/src/test/java/com/ai/token/experiment/FailureCasesTest.java; git status --short',investigation/natural-reading/main/trials/03/conservative/1/returned-text/002.txt,128,False,mixed,False,True,False,0,0,0,0,False,[],[],6643,102,1400,tiktoken 0.14.0 o200k_base
03,conservative,1,3,/bin/zsh -lc ./test.sh,investigation/natural-reading/main/trials/03/conservative/1/returned-text/003.txt,0,False,test_command,False,False,True,0,0,0,0,False,[],[],4373,75,1267,tiktoken 0.14.0 o200k_base
03,conservative,2,0,/bin/zsh -lc 'cat failure.log; cat investigation/src/test/java/com/ai/token/experiment/Defects.java',investigation/natural-reading/main/trials/03/conservative/2/returned-text/000.txt,0,False,mixed,True,True,False,11493,11493,3135,3135,False,"[""literal full-file match""]","[{""start_character"": 0, ""end_character"": 11493, ""bytes"": 11493, ""lines"": 143, ""tokens"": 3135, ""tokenizer"": ""tiktoken 0.14.0 o200k_base""}]",14583,210,3805,tiktoken 0.14.0 o200k_base
03,default,1,0,/bin/zsh -lc 'cat failure.log',investigation/natural-reading/main/trials/03/default/1/returned-text/000.txt,0,False,log_inspection,True,False,False,23222,23222,6531,6531,False,"[""entire log-directed result""]","[{""start_character"": 0, ""end_character"": 23222, ""bytes"": 23222, ""lines"": 218, ""tokens"": 6531, ""tokenizer"": ""tiktoken 0.14.0 o200k_base""}]",23222,218,6531,tiktoken 0.14.0 o200k_base
03,default,1,1,/bin/zsh -lc 'cat investigation/src/test/java/com/ai/token/experiment/Defects.java',investigation/natural-reading/main/trials/03/default/1/returned-text/001.txt,0,False,source_read,False,True,False,0,0,0,0,False,[],[],3090,67,670,tiktoken 0.14.0 o200k_base
03,default,1,2,"/bin/zsh -lc ""cat test.sh; rg --files -g AGENTS.md -g '*Test*'""",investigation/natural-reading/main/trials/03/default/1/returned-text/002.txt,0,False,mixed,False,True,False,0,0,0,0,False,[],[],637,8,168,tiktoken 0.14.0 o200k_base
03,default,1,3,/bin/zsh -lc 'cat AGENTS.md; cat investigation/src/test/java/com/ai/token/experiment/FailureCasesTest.java; cat investigation/src/test/java/com/ai/token/experiment/ProfileVerificationTest.java',investigation/natural-reading/main/trials/03/default/1/returned-text/003.txt,0,False,source_read,False,True,False,0,0,0,0,False,[],[],8370,138,1741,tiktoken 0.14.0 o200k_base
03,default,1,4,/bin/zsh -lc ./test.sh,investigation/natural-reading/main/trials/03/default/1/returned-text/004.txt,1,False,test_command,False,False,True,0,0,0,0,False,[],[],23223,218,6531,tiktoken 0.14.0 o200k_base
03,default,1,5,/bin/zsh -lc ./test.sh,investigation/natural-reading/main/trials/03/default/1/returned-text/005.txt,0,False,test_command,False,False,True,0,0,0,0,False,[],[],4828,75,1435,tiktoken 0.14.0 o200k_base
03,default,1,6,/bin/zsh -lc 'git diff --check; git diff --stat; git diff -- investigation/src/test/java/com/ai/token/experiment/Defects.java',investigation/natural-reading/main/trials/03/default/1/returned-text/006.txt,129,False,other,False,False,False,0,0,0,0,False,[],[],22095,390,4956,tiktoken 0.14.0 o200k_base
03,default,2,0,/bin/zsh -lc 'cat failure.log',investigation/natural-reading/main/trials/03/default/2/returned-text/000.txt,0,False,log_inspection,True,False,False,23223,23223,6527,6527,False,"[""entire log-directed result""]","[{""start_character"": 0, ""end_character"": 23223, ""bytes"": 23223, ""lines"": 218, ""tokens"": 6527, ""tokenizer"": ""tiktoken 0.14.0 o200k_base""}]",23223,218,6527,tiktoken 0.14.0 o200k_base
03,default,2,1,/bin/zsh -lc 'cat investigation/src/test/java/com/ai/token/experiment/Defects.java',investigation/natural-reading/main/trials/03/default/2/returned-text/001.txt,0,False,source_read,False,True,False,0,0,0,0,False,[],[],3090,67,670,tiktoken 0.14.0 o200k_base
04,conservative,1,0,/bin/zsh -lc 'cat failure.log',investigation/natural-reading/main/trials/04/conservative/1/returned-text/000.txt,0,False,log_inspection,True,False,False,15455,15455,3899,3899,False,"[""entire log-directed result""]","[{""start_character"": 0, ""end_character"": 15454, ""bytes"": 15455, ""lines"": 179, ""tokens"": 3899, ""tokenizer"": ""tiktoken 0.14.0 o200k_base""}]",15455,179,3899,tiktoken 0.14.0 o200k_base
04,conservative,1,1,/bin/zsh -lc 'cat investigation/src/test/java/com/ai/token/experiment/Defects.java',investigation/natural-reading/main/trials/04/conservative/1/returned-text/001.txt,0,False,source_read,False,True,False,0,0,0,0,False,[],[],3090,67,670,tiktoken 0.14.0 o200k_base
04,conservative,1,2,"/bin/zsh -lc ""cat test.sh; rg --files -g AGENTS.md -g '*Test*'""",investigation/natural-reading/main/trials/04/conservative/1/returned-text/002.txt,0,False,mixed,False,True,False,0,0,0,0,False,[],[],698,8,183,tiktoken 0.14.0 o200k_base
04,conservative,1,3,/bin/zsh -lc 'cat AGENTS.md; cat investigation/src/test/java/com/ai/token/experiment/FailureCasesTest.java; git status --short',investigation/natural-reading/main/trials/04/conservative/1/returned-text/003.txt,128,False,mixed,False,True,False,0,0,0,0,False,[],[],6643,102,1400,tiktoken 0.14.0 o200k_base
04,default,1,0,"/bin/zsh -lc ""pwd; rg --files -g 'AGENTS.md' -g 'failure.log' -g 'test.sh' -g 'Defects.java'""",investigation/natural-reading/main/trials/04/default/1/returned-text/000.txt,0,False,other,False,False,False,0,0,0,0,False,[],[],174,5,64,tiktoken 0.14.0 o200k_base
04,default,1,1,/bin/zsh -lc 'cat failure.log; cat investigation/src/test/java/com/ai/token/experiment/Defects.java; cat test.sh',investigation/natural-reading/main/trials/04/default/1/returned-text/001.txt,0,False,mixed,True,True,False,27147,27147,7273,7273,False,"[""literal full-file match""]","[{""start_character"": 0, ""end_character"": 27146, ""bytes"": 27147, ""lines"": 254, ""tokens"": 7273, ""tokenizer"": ""tiktoken 0.14.0 o200k_base""}]",30654,325,8060,tiktoken 0.14.0 o200k_base
04,default,1,2,/bin/zsh -lc 'cat AGENTS.md; cat investigation/src/test/java/com/ai/token/experiment/FailureCasesTest.java; git status --short',investigation/natural-reading/main/trials/04/default/1/returned-text/002.txt,128,False,mixed,False,True,False,0,0,0,0,False,[],[],6643,102,1400,tiktoken 0.14.0 o200k_base
05,conservative,1,0,/bin/zsh -lc 'cat failure.log',investigation/natural-reading/main/trials/05/conservative/1/returned-text/000.txt,0,False,log_inspection,True,False,False,6693,6693,1871,1871,False,"[""entire log-directed result""]","[{""start_character"": 0, ""end_character"": 6692, ""bytes"": 6693, ""lines"": 109, ""tokens"": 1871, ""tokenizer"": ""tiktoken 0.14.0 o200k_base""}]",6693,109,1871,tiktoken 0.14.0 o200k_base
05,conservative,1,1,/bin/zsh -lc 'cat investigation/src/test/java/com/ai/token/experiment/Defects.java',investigation/natural-reading/main/trials/05/conservative/1/returned-text/001.txt,0,False,source_read,False,True,False,0,0,0,0,False,[],[],3090,67,670,tiktoken 0.14.0 o200k_base
05,conservative,1,2,/bin/zsh -lc 'cat investigation/src/test/java/com/ai/token/experiment/FailureCasesTest.java',investigation/natural-reading/main/trials/05/conservative/1/returned-text/002.txt,0,False,source_read,False,True,False,0,0,0,0,False,[],[],6031,100,1280,tiktoken 0.14.0 o200k_base
05,conservative,1,3,/bin/zsh -lc 'cat test.sh; git status --short; rg --files -g AGENTS.md',investigation/natural-reading/main/trials/05/conservative/1/returned-text/003.txt,0,False,mixed,False,True,False,0,0,0,0,False,[],[],557,6,153,tiktoken 0.14.0 o200k_base
05,conservative,1,4,/bin/zsh -lc 'cat AGENTS.md; ./test.sh',investigation/natural-reading/main/trials/05/conservative/1/returned-text/004.txt,1,False,mixed,False,True,True,0,0,0,0,False,[],[],6694,109,1871,tiktoken 0.14.0 o200k_base
05,conservative,1,5,/bin/zsh -lc ./test.sh,investigation/natural-reading/main/trials/05/conservative/1/returned-text/005.txt,0,False,test_command,False,False,True,0,0,0,0,False,[],[],3993,71,1162,tiktoken 0.14.0 o200k_base
05,default,1,0,"/bin/zsh -lc ""pwd; rg --files -g 'AGENTS.md' -g 'failure.log' -g 'test.sh' -g 'Defects.java' -g '*Test*'""",investigation/natural-reading/main/trials/05/default/1/returned-text/000.txt,0,False,other,False,False,False,0,0,0,0,False,[],[],384,8,110,tiktoken 0.14.0 o200k_base
05,default,1,1,/bin/zsh -lc 'cat failure.log; cat investigation/src/test/java/com/ai/token/experiment/Defects.java; cat test.sh',investigation/natural-reading/main/trials/05/default/1/returned-text/001.txt,0,False,mixed,True,True,False,6899,6899,1944,1944,False,"[""literal full-file match""]","[{""start_character"": 0, ""end_character"": 6898, ""bytes"": 6899, ""lines"": 109, ""tokens"": 1944, ""tokenizer"": ""tiktoken 0.14.0 o200k_base""}]",10406,180,2731,tiktoken 0.14.0 o200k_base
05,default,1,2,/bin/zsh -lc 'cat AGENTS.md; cat investigation/src/test/java/com/ai/token/experiment/FailureCasesTest.java; cat investigation/src/test/java/com/ai/token/experiment/ProfileVerificationTest.java; git status --short',investigation/natural-reading/main/trials/05/default/1/returned-text/002.txt,128,False,mixed,False,True,False,0,0,0,0,False,[],[],8439,139,1758,tiktoken 0.14.0 o200k_base
05,default,1,3,/bin/zsh -lc ./test.sh,investigation/natural-reading/main/trials/05/default/1/returned-text/003.txt,1,False,test_command,False,False,True,0,0,0,0,False,[],[],6900,109,1944,tiktoken 0.14.0 o200k_base
05,default,1,4,/bin/zsh -lc ./test.sh,investigation/natural-reading/main/trials/05/default/1/returned-text/004.txt,0,False,test_command,False,False,True,0,0,0,0,False,[],[],4198,71,1235,tiktoken 0.14.0 o200k_base
06,conservative,1,0,/bin/zsh -lc 'cat failure.log',investigation/natural-reading/main/trials/06/conservative/1/returned-text/000.txt,0,False,log_inspection,True,False,False,8376,8376,2484,2484,False,"[""entire log-directed result""]","[{""start_character"": 0, ""end_character"": 8376, ""bytes"": 8376, ""lines"": 124, ""tokens"": 2484, ""tokenizer"": ""tiktoken 0.14.0 o200k_base""}]",8376,124,2484,tiktoken 0.14.0 o200k_base
06,conservative,1,1,/bin/zsh -lc 'cat investigation/src/test/java/com/ai/token/experiment/Defects.java',investigation/natural-reading/main/trials/06/conservative/1/returned-text/001.txt,0,False,source_read,False,True,False,0,0,0,0,False,[],[],3090,67,670,tiktoken 0.14.0 o200k_base
06,conservative,1,2,/bin/zsh -lc 'cat test.sh',investigation/natural-reading/main/trials/06/conservative/1/returned-text/002.txt,0,False,source_read,False,True,False,0,0,0,0,False,[],[],478,4,132,tiktoken 0.14.0 o200k_base
06,conservative,1,3,/bin/zsh -lc 'cat investigation/src/test/java/com/ai/token/experiment/FailureCasesTest.java; git status --short',investigation/natural-reading/main/trials/06/conservative/1/returned-text/003.txt,128,False,mixed,False,True,False,0,0,0,0,False,[],[],6100,101,1297,tiktoken 0.14.0 o200k_base
06,conservative,1,4,/bin/zsh -lc ./test.sh,investigation/natural-reading/main/trials/06/conservative/1/returned-text/004.txt,1,False,test_command,False,False,True,0,0,0,0,False,[],[],8376,124,2484,tiktoken 0.14.0 o200k_base
06,conservative,1,5,/bin/zsh -lc ./test.sh,investigation/natural-reading/main/trials/06/conservative/1/returned-text/005.txt,0,False,test_command,False,False,True,0,0,0,0,False,[],[],3993,71,1161,tiktoken 0.14.0 o200k_base
06,default,1,0,/bin/zsh -lc 'cat failure.log',investigation/natural-reading/main/trials/06/default/1/returned-text/000.txt,0,False,log_inspection,True,False,False,33698,33698,9849,9849,False,"[""entire log-directed result""]","[{""start_character"": 0, ""end_character"": 33698, ""bytes"": 33698, ""lines"": 304, ""tokens"": 9849, ""tokenizer"": ""tiktoken 0.14.0 o200k_base""}]",33698,304,9849,tiktoken 0.14.0 o200k_base
06,default,1,1,/bin/zsh -lc 'cat investigation/src/test/java/com/ai/token/experiment/Defects.java',investigation/natural-reading/main/trials/06/default/1/returned-text/001.txt,0,False,source_read,False,True,False,0,0,0,0,False,[],[],3090,67,670,tiktoken 0.14.0 o200k_base
06,default,1,2,"/bin/zsh -lc ""cat test.sh; rg --files -g AGENTS.md -g '*Test*'""",investigation/natural-reading/main/trials/06/default/1/returned-text/002.txt,0,False,mixed,False,True,False,0,0,0,0,False,[],[],637,8,168,tiktoken 0.14.0 o200k_base
06,default,1,3,"/bin/zsh -lc ""cat AGENTS.md; sed -n '40,68p' investigation/src/test/java/com/ai/token/experiment/FailureCasesTest.java; git status --short""",investigation/natural-reading/main/trials/06/default/1/returned-text/003.txt,128,False,mixed,False,True,False,0,0,0,0,False,[],[],2633,31,558,tiktoken 0.14.0 o200k_base
06,default,1,4,/bin/zsh -lc ./test.sh,investigation/natural-reading/main/trials/06/default/1/returned-text/004.txt,1,False,test_command,False,False,True,0,0,0,0,False,[],[],33698,304,9849,tiktoken 0.14.0 o200k_base
06,default,1,5,/bin/zsh -lc ./test.sh,investigation/natural-reading/main/trials/06/default/1/returned-text/005.txt,0,False,test_command,False,False,True,0,0,0,0,False,[],[],4196,71,1238,tiktoken 0.14.0 o200k_base
07,conservative,1,0,/bin/zsh -lc 'cat failure.log; cat investigation/src/test/java/com/ai/token/experiment/Defects.java',investigation/natural-reading/main/trials/07/conservative/1/returned-text/000.txt,0,False,mixed,True,True,False,6744,6744,1797,1797,False,"[""literal full-file match""]","[{""start_character"": 0, ""end_character"": 6743, ""bytes"": 6744, ""lines"": 104, ""tokens"": 1797, ""tokenizer"": ""tiktoken 0.14.0 o200k_base""}]",9834,171,2467,tiktoken 0.14.0 o200k_base
07,conservative,1,1,"/bin/zsh -lc ""cat investigation/src/test/java/com/ai/token/experiment/FailureCasesTest.java; cat test.sh; rg -n 'wrong|createContext|/price|/value|/answer' investigation; git status --short""",investigation/natural-reading/main/trials/07/conservative/1/returned-text/001.txt,128,False,mixed,False,True,False,0,0,0,0,False,[],[],7313,109,1601,tiktoken 0.14.0 o200k_base
07,conservative,1,2,/bin/zsh -lc ./test.sh,investigation/natural-reading/main/trials/07/conservative/1/returned-text/002.txt,1,False,test_command,False,False,True,0,0,0,0,False,[],[],5813,98,1646,tiktoken 0.14.0 o200k_base
07,conservative,1,3,/bin/zsh -lc ./test.sh,investigation/natural-reading/main/trials/07/conservative/1/returned-text/003.txt,1,False,test_command,False,False,True,0,0,0,0,False,[],[],5813,98,1646,tiktoken 0.14.0 o200k_base
07,default,1,0,/bin/zsh -lc 'cat failure.log',investigation/natural-reading/main/trials/07/default/1/returned-text/000.txt,0,False,log_inspection,True,False,False,6949,6949,1871,1871,False,"[""entire log-directed result""]","[{""start_character"": 0, ""end_character"": 6948, ""bytes"": 6949, ""lines"": 104, ""tokens"": 1871, ""tokenizer"": ""tiktoken 0.14.0 o200k_base""}]",6949,104,1871,tiktoken 0.14.0 o200k_base
07,default,1,1,/bin/zsh -lc 'cat investigation/src/test/java/com/ai/token/experiment/Defects.java',investigation/natural-reading/main/trials/07/default/1/returned-text/001.txt,0,False,source_read,False,True,False,0,0,0,0,False,[],[],3090,67,670,tiktoken 0.14.0 o200k_base
07,default,1,2,/bin/zsh -lc 'cat investigation/src/test/java/com/ai/token/experiment/FailureCasesTest.java',investigation/natural-reading/main/trials/07/default/1/returned-text/002.txt,0,False,source_read,False,True,False,0,0,0,0,False,[],[],6031,100,1280,tiktoken 0.14.0 o200k_base
07,default,1,3,"/bin/zsh -lc ""cat test.sh
rg --files -g AGENTS.md -g '*java'""",investigation/natural-reading/main/trials/07/default/1/returned-text/003.txt,0,False,mixed,False,True,False,0,0,0,0,False,[],[],647,8,170,tiktoken 0.14.0 o200k_base
07,default,1,4,/bin/zsh -lc ./test.sh,investigation/natural-reading/main/trials/07/default/1/returned-text/004.txt,1,False,test_command,False,False,True,0,0,0,0,False,[],[],6018,98,1720,tiktoken 0.14.0 o200k_base
07,default,1,5,"/bin/zsh -lc 'git diff --stat
git diff -- investigation/src/test/java/com/ai/token/experiment/Defects.java'",investigation/natural-reading/main/trials/07/default/1/returned-text/005.txt,129,False,other,False,False,False,0,0,0,0,False,[],[],14730,260,3304,tiktoken 0.14.0 o200k_base
08,conservative,1,0,"/bin/zsh -lc ""pwd; rg --files -g 'AGENTS.md' -g 'failure.log' -g 'Defects.java' -g 'test.sh'""",investigation/natural-reading/main/trials/08/conservative/1/returned-text/000.txt,0,False,other,False,False,False,0,0,0,0,False,[],[],174,5,63,tiktoken 0.14.0 o200k_base
08,conservative,1,1,/bin/zsh -lc 'cat failure.log; cat investigation/src/test/java/com/ai/token/experiment/Defects.java; cat test.sh',investigation/natural-reading/main/trials/08/conservative/1/returned-text/001.txt,0,False,mixed,True,True,False,6878,6878,1908,1908,False,"[""literal full-file match""]","[{""start_character"": 0, ""end_character"": 6877, ""bytes"": 6878, ""lines"": 113, ""tokens"": 1908, ""tokenizer"": ""tiktoken 0.14.0 o200k_base""}]",10446,184,2710,tiktoken 0.14.0 o200k_base
08,conservative,1,2,"/bin/zsh -lc ""cat AGENTS.md; cat investigation/src/test/java/com/ai/token/experiment/FailureCasesTest.java; git status --short; rg -n 'async|ten|invoice' investigation""",investigation/natural-reading/main/trials/08/conservative/1/returned-text/002.txt,0,False,mixed,False,True,False,0,0,0,0,False,[],[],7641,109,1640,tiktoken 0.14.0 o200k_base
08,conservative,1,3,/bin/zsh -lc ./test.sh,investigation/natural-reading/main/trials/08/conservative/1/returned-text/003.txt,1,False,test_command,False,False,True,0,0,0,0,False,[],[],6877,113,1908,tiktoken 0.14.0 o200k_base
08,conservative,1,4,/bin/zsh -lc ./test.sh,investigation/natural-reading/main/trials/08/conservative/1/returned-text/004.txt,0,False,test_command,False,False,True,0,0,0,0,False,[],[],3993,71,1161,tiktoken 0.14.0 o200k_base
08,default,1,0,"/bin/zsh -lc ""pwd; rg --files -g 'AGENTS.md' -g 'failure.log' -g 'Defects.java' -g 'test.sh'""",investigation/natural-reading/main/trials/08/default/1/returned-text/000.txt,0,False,other,False,False,False,0,0,0,0,False,[],[],174,5,64,tiktoken 0.14.0 o200k_base
08,default,1,1,/bin/zsh -lc 'cat failure.log',investigation/natural-reading/main/trials/08/default/1/returned-text/001.txt,0,False,log_inspection,True,False,False,7133,7133,2008,2008,False,"[""entire log-directed result""]","[{""start_character"": 0, ""end_character"": 7132, ""bytes"": 7133, ""lines"": 113, ""tokens"": 2008, ""tokenizer"": ""tiktoken 0.14.0 o200k_base""}]",7133,113,2008,tiktoken 0.14.0 o200k_base
08,default,1,2,/bin/zsh -lc 'cat investigation/src/test/java/com/ai/token/experiment/Defects.java; cat test.sh',investigation/natural-reading/main/trials/08/default/1/returned-text/002.txt,0,False,source_read,False,True,False,0,0,0,0,False,[],[],3507,71,787,tiktoken 0.14.0 o200k_base
08,default,1,3,/bin/zsh -lc 'cat AGENTS.md; cat investigation/src/test/java/com/ai/token/experiment/FailureCasesTest.java; git status --short',investigation/natural-reading/main/trials/08/default/1/returned-text/003.txt,128,False,mixed,False,True,False,0,0,0,0,False,[],[],6643,102,1400,tiktoken 0.14.0 o200k_base
08,default,1,4,/bin/zsh -lc ./test.sh,investigation/natural-reading/main/trials/08/default/1/returned-text/004.txt,0,False,test_command,False,False,True,0,0,0,0,False,[],[],4197,71,1238,tiktoken 0.14.0 o200k_base
