case,condition,run,method,matches,path,bytes,lines,tokens,tokenizer
09,conservative,1,complete,2,investigation/natural-reading/containers/trials/09/conservative/1/secondary-extractions/complete.txt,8534,124,2463,tiktoken 0.14.0 o200k_base
09,conservative,1,window20,2,investigation/natural-reading/containers/trials/09/conservative/1/secondary-extractions/window20.txt,1277,20,322,tiktoken 0.14.0 o200k_base
09,conservative,1,filtered40,2,investigation/natural-reading/containers/trials/09/conservative/1/secondary-extractions/filtered40.txt,2424,40,628,tiktoken 0.14.0 o200k_base
09,conservative,1,boundary,2,investigation/natural-reading/containers/trials/09/conservative/1/secondary-extractions/boundary.txt,1116,15,277,tiktoken 0.14.0 o200k_base
09,conservative,1,dedup,2,investigation/natural-reading/containers/trials/09/conservative/1/secondary-extractions/dedup.txt,1116,15,277,tiktoken 0.14.0 o200k_base
09,conservative,2,complete,2,investigation/natural-reading/containers/trials/09/conservative/2/secondary-extractions/complete.txt,8534,124,2468,tiktoken 0.14.0 o200k_base
09,conservative,2,window20,2,investigation/natural-reading/containers/trials/09/conservative/2/secondary-extractions/window20.txt,1277,20,322,tiktoken 0.14.0 o200k_base
09,conservative,2,filtered40,2,investigation/natural-reading/containers/trials/09/conservative/2/secondary-extractions/filtered40.txt,2424,40,628,tiktoken 0.14.0 o200k_base
09,conservative,2,boundary,2,investigation/natural-reading/containers/trials/09/conservative/2/secondary-extractions/boundary.txt,1116,15,277,tiktoken 0.14.0 o200k_base
09,conservative,2,dedup,2,investigation/natural-reading/containers/trials/09/conservative/2/secondary-extractions/dedup.txt,1116,15,277,tiktoken 0.14.0 o200k_base
09,default,1,complete,2,investigation/natural-reading/containers/trials/09/default/1/secondary-extractions/complete.txt,9877,124,2964,tiktoken 0.14.0 o200k_base
09,default,1,window20,2,investigation/natural-reading/containers/trials/09/default/1/secondary-extractions/window20.txt,1277,20,322,tiktoken 0.14.0 o200k_base
09,default,1,filtered40,2,investigation/natural-reading/containers/trials/09/default/1/secondary-extractions/filtered40.txt,2424,40,630,tiktoken 0.14.0 o200k_base
09,default,1,boundary,2,investigation/natural-reading/containers/trials/09/default/1/secondary-extractions/boundary.txt,1116,15,277,tiktoken 0.14.0 o200k_base
09,default,1,dedup,2,investigation/natural-reading/containers/trials/09/default/1/secondary-extractions/dedup.txt,1116,15,277,tiktoken 0.14.0 o200k_base
09,default,2,complete,2,investigation/natural-reading/containers/trials/09/default/2/secondary-extractions/complete.txt,9877,124,2956,tiktoken 0.14.0 o200k_base
09,default,2,window20,2,investigation/natural-reading/containers/trials/09/default/2/secondary-extractions/window20.txt,1277,20,322,tiktoken 0.14.0 o200k_base
09,default,2,filtered40,2,investigation/natural-reading/containers/trials/09/default/2/secondary-extractions/filtered40.txt,2424,40,630,tiktoken 0.14.0 o200k_base
09,default,2,boundary,2,investigation/natural-reading/containers/trials/09/default/2/secondary-extractions/boundary.txt,1116,15,277,tiktoken 0.14.0 o200k_base
09,default,2,dedup,2,investigation/natural-reading/containers/trials/09/default/2/secondary-extractions/dedup.txt,1116,15,277,tiktoken 0.14.0 o200k_base
09,default,3,complete,2,investigation/natural-reading/containers/trials/09/default/3/secondary-extractions/complete.txt,9877,124,2949,tiktoken 0.14.0 o200k_base
09,default,3,window20,2,investigation/natural-reading/containers/trials/09/default/3/secondary-extractions/window20.txt,1277,20,322,tiktoken 0.14.0 o200k_base
09,default,3,filtered40,2,investigation/natural-reading/containers/trials/09/default/3/secondary-extractions/filtered40.txt,2424,40,628,tiktoken 0.14.0 o200k_base
09,default,3,boundary,2,investigation/natural-reading/containers/trials/09/default/3/secondary-extractions/boundary.txt,1116,15,277,tiktoken 0.14.0 o200k_base
09,default,3,dedup,2,investigation/natural-reading/containers/trials/09/default/3/secondary-extractions/dedup.txt,1116,15,277,tiktoken 0.14.0 o200k_base
10,conservative,1,complete,2,investigation/natural-reading/containers/trials/10/conservative/1/secondary-extractions/complete.txt,10843,149,3061,tiktoken 0.14.0 o200k_base
10,conservative,1,window20,2,investigation/natural-reading/containers/trials/10/conservative/1/secondary-extractions/window20.txt,1800,20,415,tiktoken 0.14.0 o200k_base
10,conservative,1,filtered40,2,investigation/natural-reading/containers/trials/10/conservative/1/secondary-extractions/filtered40.txt,2760,40,684,tiktoken 0.14.0 o200k_base
10,conservative,1,boundary,2,investigation/natural-reading/containers/trials/10/conservative/1/secondary-extractions/boundary.txt,1813,22,421,tiktoken 0.14.0 o200k_base
10,conservative,1,dedup,2,investigation/natural-reading/containers/trials/10/conservative/1/secondary-extractions/dedup.txt,1813,22,421,tiktoken 0.14.0 o200k_base
10,conservative,2,complete,2,investigation/natural-reading/containers/trials/10/conservative/2/secondary-extractions/complete.txt,10843,149,3063,tiktoken 0.14.0 o200k_base
10,conservative,2,window20,2,investigation/natural-reading/containers/trials/10/conservative/2/secondary-extractions/window20.txt,1800,20,415,tiktoken 0.14.0 o200k_base
10,conservative,2,filtered40,2,investigation/natural-reading/containers/trials/10/conservative/2/secondary-extractions/filtered40.txt,2760,40,684,tiktoken 0.14.0 o200k_base
10,conservative,2,boundary,2,investigation/natural-reading/containers/trials/10/conservative/2/secondary-extractions/boundary.txt,1813,22,421,tiktoken 0.14.0 o200k_base
10,conservative,2,dedup,2,investigation/natural-reading/containers/trials/10/conservative/2/secondary-extractions/dedup.txt,1813,22,421,tiktoken 0.14.0 o200k_base
10,default,1,complete,2,investigation/natural-reading/containers/trials/10/default/1/secondary-extractions/complete.txt,23435,225,6742,tiktoken 0.14.0 o200k_base
10,default,1,window20,2,investigation/natural-reading/containers/trials/10/default/1/secondary-extractions/window20.txt,1800,20,415,tiktoken 0.14.0 o200k_base
10,default,1,filtered40,2,investigation/natural-reading/containers/trials/10/default/1/secondary-extractions/filtered40.txt,2760,40,683,tiktoken 0.14.0 o200k_base
10,default,1,boundary,2,investigation/natural-reading/containers/trials/10/default/1/secondary-extractions/boundary.txt,1813,22,421,tiktoken 0.14.0 o200k_base
10,default,1,dedup,2,investigation/natural-reading/containers/trials/10/default/1/secondary-extractions/dedup.txt,1813,22,421,tiktoken 0.14.0 o200k_base
10,default,2,complete,2,investigation/natural-reading/containers/trials/10/default/2/secondary-extractions/complete.txt,23435,225,6743,tiktoken 0.14.0 o200k_base
10,default,2,window20,2,investigation/natural-reading/containers/trials/10/default/2/secondary-extractions/window20.txt,1800,20,415,tiktoken 0.14.0 o200k_base
10,default,2,filtered40,2,investigation/natural-reading/containers/trials/10/default/2/secondary-extractions/filtered40.txt,2760,40,683,tiktoken 0.14.0 o200k_base
10,default,2,boundary,2,investigation/natural-reading/containers/trials/10/default/2/secondary-extractions/boundary.txt,1813,22,421,tiktoken 0.14.0 o200k_base
10,default,2,dedup,2,investigation/natural-reading/containers/trials/10/default/2/secondary-extractions/dedup.txt,1813,22,421,tiktoken 0.14.0 o200k_base
