case,condition,run,status,debugging_began,session_exit,elapsed_seconds,verification_exit,verification_seconds,immutable_changes,root_cause_correct,fix_valid,evidence,log_tokens_lower,log_tokens_upper,log_bytes_lower,log_bytes_upper,log_inspection_calls,search_calls,repeated_log_commands,context_requests,full_file_reads,test_reruns,unallocated_mixed_calls,truncation_markers,log_inspection_tokens,test_command_tokens,source_read_tokens,mixed_tokens,other_tokens,input_tokens,cached_input_tokens,output_tokens,reasoning_output_tokens
09,conservative,1,finished,True,0,69.416095667,0,8.268889000000001,[],True,True,investigation/natural-reading/containers/trials/09/conservative/1,2772,2772,9653,9653,3,2,0,0,1,4,0,0,309,4298,0,5023,109,221808,206592,955,14
09,conservative,2,finished,True,0,69.92456295899999,0,8.299303500000008,[],True,True,investigation/natural-reading/containers/trials/09/conservative/2,3294,3294,11489,11489,4,0,0,3,1,4,0,0,0,4298,0,5496,62,212673,185728,919,26
09,conservative,3,not_scheduled_quota,False,,,,,,,,investigation/natural-reading/containers/trials/09/conservative/3,0,0,0,0,0,0,0,0,0,0,0,0,0,0,0,0,0,,,,
09,default,1,finished,True,0,54.900440290999995,0,8.549648958000006,[],True,True,investigation/natural-reading/containers/trials/09/default/1,2964,2964,9877,9877,1,0,0,0,1,3,0,0,0,13450,0,5509,111,199114,176000,837,18
09,default,2,finished,True,0,53.66422791599999,0,7.82731050000001,[],True,True,investigation/natural-reading/containers/trials/09/default/2,2956,2956,9877,9877,1,0,0,0,1,2,0,0,0,12211,103,5044,0,166158,139392,691,9
09,default,3,quota_interrupted,True,1,11.647352749999982,1,7.630766791999974,[],,False,investigation/natural-reading/containers/trials/09/default/3,2949,2949,9877,9877,1,0,0,0,1,0,0,0,0,0,0,5136,62,,,,
10,conservative,1,finished,True,0,70.36218145800001,0,6.560019917000005,[],True,True,investigation/natural-reading/containers/trials/10/conservative/1,3061,3061,10843,10843,1,0,0,0,1,3,0,0,3061,8905,2053,183,1746,176985,160640,1237,138
10,conservative,2,finished,True,0,31.150808041999994,0,7.110022541999967,[],True,True,investigation/natural-reading/containers/trials/10/conservative/2,3063,3063,10843,10843,1,0,0,0,1,1,0,0,0,4302,0,5265,63,98171,83968,509,17
10,conservative,3,not_scheduled_quota,False,,,,,,,,investigation/natural-reading/containers/trials/10/conservative/3,0,0,0,0,0,0,0,0,0,0,0,0,0,0,0,0,0,,,,
10,default,1,finished,True,0,69.28752691599999,0,7.367898792000005,[],True,True,investigation/natural-reading/containers/trials/10/default/1,6742,6742,23435,23435,1,0,0,0,1,4,0,0,6742,21932,670,845,94,191348,173696,1273,92
10,default,2,finished,True,0,65.71646904199997,0,6.640174916000035,[],True,True,investigation/natural-reading/containers/trials/10/default/2,6743,6743,23435,23435,1,0,0,0,1,3,0,0,0,22259,0,8930,156,169408,139264,1182,133
10,default,3,not_scheduled_quota,False,,,,,,,,investigation/natural-reading/containers/trials/10/default/3,0,0,0,0,0,0,0,0,0,0,0,0,0,0,0,0,0,,,,
