case,condition,run,index,command,returned_text,exit_code,truncation_marker,category,log_directed,source_directed,test_execution,log_token_lower,log_token_upper,unallocated_log_mixed,segment_rules,segments,bytes,lines,tokens,tokenizer
02,conservative,1,0,/bin/zsh -lc 'cat failure.log',investigation/natural-reading/pilot/trials/02/conservative/1/returned-text/000.txt,0,False,log_inspection,True,False,False,2104,2104,False,"[""entire log-directed result""]","[{""start_character"": 0, ""end_character"": 7525, ""bytes"": 7526, ""lines"": 128, ""tokens"": 2104, ""tokenizer"": ""tiktoken 0.14.0 o200k_base""}]",7526,128,2104,tiktoken 0.14.0 o200k_base
02,conservative,1,1,/bin/zsh -lc 'cat investigation/src/test/java/com/ai/token/experiment/Defects.java',investigation/natural-reading/pilot/trials/02/conservative/1/returned-text/001.txt,0,False,source_read,False,True,False,0,0,False,[],[],3090,67,670,tiktoken 0.14.0 o200k_base
02,conservative,1,2,"/bin/zsh -lc ""cat test.sh; rg --files -g 'AGENTS.md' -g '*Test*' -g '*test*'""",investigation/natural-reading/pilot/trials/02/conservative/1/returned-text/002.txt,0,False,source_read,False,True,False,0,0,False,[],[],706,9,186,tiktoken 0.14.0 o200k_base
02,conservative,1,3,/bin/zsh -lc 'cat AGENTS.md; cat investigation/src/test/java/com/ai/token/experiment/FailureCasesTest.java',investigation/natural-reading/pilot/trials/02/conservative/1/returned-text/003.txt,0,False,source_read,False,True,False,0,0,False,[],[],6574,101,1383,tiktoken 0.14.0 o200k_base
02,conservative,1,4,"/bin/zsh -lc ""git status --short; rg -n 'parsePort|connect\\(' investigation""",investigation/natural-reading/pilot/trials/02/conservative/1/returned-text/004.txt,0,False,other,False,False,False,0,0,False,[],[],553,5,136,tiktoken 0.14.0 o200k_base
02,conservative,1,5,/bin/zsh -lc ./test.sh,investigation/natural-reading/pilot/trials/02/conservative/1/returned-text/005.txt,0,False,test_command,False,False,True,0,0,False,[],[],3993,71,1158,tiktoken 0.14.0 o200k_base
02,default,1,0,/bin/zsh -lc 'cat failure.log; cat investigation/src/test/java/com/ai/token/experiment/Defects.java',investigation/natural-reading/pilot/trials/02/default/1/returned-text/000.txt,0,False,mixed,True,True,False,5410,5410,False,"[""literal full-file match""]","[{""start_character"": 0, ""end_character"": 19012, ""bytes"": 19013, ""lines"": 203, ""tokens"": 5410, ""tokenizer"": ""tiktoken 0.14.0 o200k_base""}]",22103,270,6080,tiktoken 0.14.0 o200k_base
02,default,1,1,/bin/zsh -lc 'cat investigation/src/test/java/com/ai/token/experiment/FailureCasesTest.java; cat test.sh; git status --short; rg --files -g AGENTS.md',investigation/natural-reading/pilot/trials/02/default/1/returned-text/001.txt,0,False,source_read,False,True,False,0,0,False,[],[],6527,106,1418,tiktoken 0.14.0 o200k_base
02,default,1,2,/bin/zsh -lc ./test.sh,investigation/natural-reading/pilot/trials/02/default/1/returned-text/002.txt,0,False,test_command,False,False,True,0,0,False,[],[],4198,71,1235,tiktoken 0.14.0 o200k_base
