scenario,condition,run,valid,exit,seconds,counts,evidence,bytes,lines,tokens,tokenizer,signals,container_streams
container,conservative,1,True,0,9.117056750000003,"{""tests"": 1, ""failures"": 0, ""errors"": 0, ""skipped"": 0}",investigation/routine-reading/main/initial/container/conservative/1,6476,93,1937,tiktoken 0.14.0 o200k_base,"{""request=worker-7 readiness=ok"": true}","[{""path"": ""investigation/routine-reading/main/initial/container/conservative/1/initial-container-logs/routine-worker.container.STDERR.log"", ""bytes"": 56, ""lines"": 1, ""tokens"": 17, ""tokenizer"": ""tiktoken 0.14.0 o200k_base""}, {""path"": ""investigation/routine-reading/main/initial/container/conservative/1/initial-container-logs/routine-worker.container.STDOUT.log"", ""bytes"": 13, ""lines"": 1, ""tokens"": 3, ""tokenizer"": ""tiktoken 0.14.0 o200k_base""}, {""path"": ""investigation/routine-reading/main/initial/container/conservative/1/initial-container-logs/routine-worker.container.log"", ""bytes"": 69, ""lines"": 2, ""tokens"": 20, ""tokenizer"": ""tiktoken 0.14.0 o200k_base""}]"
container,conservative,2,True,0,6.935169790999993,"{""tests"": 1, ""failures"": 0, ""errors"": 0, ""skipped"": 0}",investigation/routine-reading/main/initial/container/conservative/2,6476,93,1933,tiktoken 0.14.0 o200k_base,"{""request=worker-7 readiness=ok"": true}","[{""path"": ""investigation/routine-reading/main/initial/container/conservative/2/initial-container-logs/routine-worker.container.STDERR.log"", ""bytes"": 56, ""lines"": 1, ""tokens"": 17, ""tokenizer"": ""tiktoken 0.14.0 o200k_base""}, {""path"": ""investigation/routine-reading/main/initial/container/conservative/2/initial-container-logs/routine-worker.container.STDOUT.log"", ""bytes"": 13, ""lines"": 1, ""tokens"": 3, ""tokenizer"": ""tiktoken 0.14.0 o200k_base""}, {""path"": ""investigation/routine-reading/main/initial/container/conservative/2/initial-container-logs/routine-worker.container.log"", ""bytes"": 69, ""lines"": 2, ""tokens"": 20, ""tokenizer"": ""tiktoken 0.14.0 o200k_base""}]"
container,conservative,3,True,0,6.97611091600001,"{""tests"": 1, ""failures"": 0, ""errors"": 0, ""skipped"": 0}",investigation/routine-reading/main/initial/container/conservative/3,6475,93,1943,tiktoken 0.14.0 o200k_base,"{""request=worker-7 readiness=ok"": true}","[{""path"": ""investigation/routine-reading/main/initial/container/conservative/3/initial-container-logs/routine-worker.container.STDERR.log"", ""bytes"": 56, ""lines"": 1, ""tokens"": 17, ""tokenizer"": ""tiktoken 0.14.0 o200k_base""}, {""path"": ""investigation/routine-reading/main/initial/container/conservative/3/initial-container-logs/routine-worker.container.STDOUT.log"", ""bytes"": 13, ""lines"": 1, ""tokens"": 3, ""tokenizer"": ""tiktoken 0.14.0 o200k_base""}, {""path"": ""investigation/routine-reading/main/initial/container/conservative/3/initial-container-logs/routine-worker.container.log"", ""bytes"": 69, ""lines"": 2, ""tokens"": 20, ""tokenizer"": ""tiktoken 0.14.0 o200k_base""}]"
container,default,1,True,0,8.986850666999999,"{""tests"": 1, ""failures"": 0, ""errors"": 0, ""skipped"": 0}",investigation/routine-reading/main/initial/container/default/1,7827,93,2425,tiktoken 0.14.0 o200k_base,"{""request=worker-7 readiness=ok"": true}","[{""path"": ""investigation/routine-reading/main/initial/container/default/1/initial-container-logs/routine-worker.container.STDERR.log"", ""bytes"": 56, ""lines"": 1, ""tokens"": 17, ""tokenizer"": ""tiktoken 0.14.0 o200k_base""}, {""path"": ""investigation/routine-reading/main/initial/container/default/1/initial-container-logs/routine-worker.container.STDOUT.log"", ""bytes"": 13, ""lines"": 1, ""tokens"": 3, ""tokenizer"": ""tiktoken 0.14.0 o200k_base""}, {""path"": ""investigation/routine-reading/main/initial/container/default/1/initial-container-logs/routine-worker.container.log"", ""bytes"": 69, ""lines"": 2, ""tokens"": 20, ""tokenizer"": ""tiktoken 0.14.0 o200k_base""}]"
container,default,2,True,0,7.0481087500000115,"{""tests"": 1, ""failures"": 0, ""errors"": 0, ""skipped"": 0}",investigation/routine-reading/main/initial/container/default/2,7827,93,2433,tiktoken 0.14.0 o200k_base,"{""request=worker-7 readiness=ok"": true}","[{""path"": ""investigation/routine-reading/main/initial/container/default/2/initial-container-logs/routine-worker.container.STDERR.log"", ""bytes"": 56, ""lines"": 1, ""tokens"": 17, ""tokenizer"": ""tiktoken 0.14.0 o200k_base""}, {""path"": ""investigation/routine-reading/main/initial/container/default/2/initial-container-logs/routine-worker.container.STDOUT.log"", ""bytes"": 13, ""lines"": 1, ""tokens"": 3, ""tokenizer"": ""tiktoken 0.14.0 o200k_base""}, {""path"": ""investigation/routine-reading/main/initial/container/default/2/initial-container-logs/routine-worker.container.log"", ""bytes"": 69, ""lines"": 2, ""tokens"": 20, ""tokenizer"": ""tiktoken 0.14.0 o200k_base""}]"
container,default,3,True,0,6.992122125000009,"{""tests"": 1, ""failures"": 0, ""errors"": 0, ""skipped"": 0}",investigation/routine-reading/main/initial/container/default/3,7827,93,2429,tiktoken 0.14.0 o200k_base,"{""request=worker-7 readiness=ok"": true}","[{""path"": ""investigation/routine-reading/main/initial/container/default/3/initial-container-logs/routine-worker.container.STDERR.log"", ""bytes"": 56, ""lines"": 1, ""tokens"": 17, ""tokenizer"": ""tiktoken 0.14.0 o200k_base""}, {""path"": ""investigation/routine-reading/main/initial/container/default/3/initial-container-logs/routine-worker.container.STDOUT.log"", ""bytes"": 13, ""lines"": 1, ""tokens"": 3, ""tokenizer"": ""tiktoken 0.14.0 o200k_base""}, {""path"": ""investigation/routine-reading/main/initial/container/default/3/initial-container-logs/routine-worker.container.log"", ""bytes"": 69, ""lines"": 2, ""tokens"": 20, ""tokenizer"": ""tiktoken 0.14.0 o200k_base""}]"
database,conservative,1,True,0,5.976821957999995,"{""tests"": 1, ""failures"": 0, ""errors"": 0, ""skipped"": 0}",investigation/routine-reading/main/initial/database/conservative/1,4104,70,1192,tiktoken 0.14.0 o200k_base,"{""request=db-7 operation=insert table=users rows=2 status=committed"": true}",[]
database,conservative,2,True,0,6.107306125000008,"{""tests"": 1, ""failures"": 0, ""errors"": 0, ""skipped"": 0}",investigation/routine-reading/main/initial/database/conservative/2,4105,70,1192,tiktoken 0.14.0 o200k_base,"{""request=db-7 operation=insert table=users rows=2 status=committed"": true}",[]
database,conservative,3,True,0,6.018508957999984,"{""tests"": 1, ""failures"": 0, ""errors"": 0, ""skipped"": 0}",investigation/routine-reading/main/initial/database/conservative/3,4104,70,1195,tiktoken 0.14.0 o200k_base,"{""request=db-7 operation=insert table=users rows=2 status=committed"": true}",[]
database,default,1,True,0,6.028346915999997,"{""tests"": 1, ""failures"": 0, ""errors"": 0, ""skipped"": 0}",investigation/routine-reading/main/initial/database/default/1,4368,70,1286,tiktoken 0.14.0 o200k_base,"{""request=db-7 operation=insert table=users rows=2 status=committed"": true}",[]
database,default,2,True,0,6.077254999999994,"{""tests"": 1, ""failures"": 0, ""errors"": 0, ""skipped"": 0}",investigation/routine-reading/main/initial/database/default/2,4368,70,1292,tiktoken 0.14.0 o200k_base,"{""request=db-7 operation=insert table=users rows=2 status=committed"": true}",[]
database,default,3,True,0,5.987066792000007,"{""tests"": 1, ""failures"": 0, ""errors"": 0, ""skipped"": 0}",investigation/routine-reading/main/initial/database/default/3,4368,70,1289,tiktoken 0.14.0 o200k_base,"{""request=db-7 operation=insert table=users rows=2 status=committed"": true}",[]
http,conservative,1,True,0,6.020717957999999,"{""tests"": 1, ""failures"": 0, ""errors"": 0, ""skipped"": 0}",investigation/routine-reading/main/initial/http/conservative/1,4106,70,1193,tiktoken 0.14.0 o200k_base,"{""request=http-7 method=GET path=/price status=200 total=30"": true}",[]
http,conservative,2,True,0,6.172114875000005,"{""tests"": 1, ""failures"": 0, ""errors"": 0, ""skipped"": 0}",investigation/routine-reading/main/initial/http/conservative/2,4108,70,1193,tiktoken 0.14.0 o200k_base,"{""request=http-7 method=GET path=/price status=200 total=30"": true}",[]
http,conservative,3,True,0,6.127287625000008,"{""tests"": 1, ""failures"": 0, ""errors"": 0, ""skipped"": 0}",investigation/routine-reading/main/initial/http/conservative/3,4108,70,1194,tiktoken 0.14.0 o200k_base,"{""request=http-7 method=GET path=/price status=200 total=30"": true}",[]
http,default,1,True,0,6.077315999999996,"{""tests"": 1, ""failures"": 0, ""errors"": 0, ""skipped"": 0}",investigation/routine-reading/main/initial/http/default/1,4359,70,1286,tiktoken 0.14.0 o200k_base,"{""request=http-7 method=GET path=/price status=200 total=30"": true}",[]
http,default,2,True,0,6.130291540999991,"{""tests"": 1, ""failures"": 0, ""errors"": 0, ""skipped"": 0}",investigation/routine-reading/main/initial/http/default/2,4360,70,1286,tiktoken 0.14.0 o200k_base,"{""request=http-7 method=GET path=/price status=200 total=30"": true}",[]
http,default,3,True,0,6.066337375000018,"{""tests"": 1, ""failures"": 0, ""errors"": 0, ""skipped"": 0}",investigation/routine-reading/main/initial/http/default/3,4360,70,1289,tiktoken 0.14.0 o200k_base,"{""request=http-7 method=GET path=/price status=200 total=30"": true}",[]
integration,conservative,1,True,0,5.925582834,"{""tests"": 1, ""failures"": 0, ""errors"": 0, ""skipped"": 0}",investigation/routine-reading/main/initial/integration/conservative/1,4238,71,1225,tiktoken 0.14.0 o200k_base,"{""refresh completed request=refresh-7 records=12 status=ok"": true, ""inventory cache stale request=refresh-7 age=61s threshold=60s fallback=database"": true}",[]
integration,conservative,2,True,0,6.0976855830000005,"{""tests"": 1, ""failures"": 0, ""errors"": 0, ""skipped"": 0}",investigation/routine-reading/main/initial/integration/conservative/2,4239,71,1228,tiktoken 0.14.0 o200k_base,"{""refresh completed request=refresh-7 records=12 status=ok"": true, ""inventory cache stale request=refresh-7 age=61s threshold=60s fallback=database"": true}",[]
integration,conservative,3,True,0,5.914624291999985,"{""tests"": 1, ""failures"": 0, ""errors"": 0, ""skipped"": 0}",investigation/routine-reading/main/initial/integration/conservative/3,4239,71,1226,tiktoken 0.14.0 o200k_base,"{""refresh completed request=refresh-7 records=12 status=ok"": true, ""inventory cache stale request=refresh-7 age=61s threshold=60s fallback=database"": true}",[]
integration,default,1,True,0,5.88133925,"{""tests"": 1, ""failures"": 0, ""errors"": 0, ""skipped"": 0}",investigation/routine-reading/main/initial/integration/default/1,4559,71,1351,tiktoken 0.14.0 o200k_base,"{""refresh completed request=refresh-7 records=12 status=ok"": true, ""inventory cache stale request=refresh-7 age=61s threshold=60s fallback=database"": true}",[]
integration,default,2,True,0,6.095242416000005,"{""tests"": 1, ""failures"": 0, ""errors"": 0, ""skipped"": 0}",investigation/routine-reading/main/initial/integration/default/2,4560,71,1354,tiktoken 0.14.0 o200k_base,"{""refresh completed request=refresh-7 records=12 status=ok"": true, ""inventory cache stale request=refresh-7 age=61s threshold=60s fallback=database"": true}",[]
integration,default,3,True,0,5.863747958000005,"{""tests"": 1, ""failures"": 0, ""errors"": 0, ""skipped"": 0}",investigation/routine-reading/main/initial/integration/default/3,4559,71,1345,tiktoken 0.14.0 o200k_base,"{""refresh completed request=refresh-7 records=12 status=ok"": true, ""inventory cache stale request=refresh-7 age=61s threshold=60s fallback=database"": true}",[]
mixed,conservative,1,True,1,5.876548584000001,"{""tests"": 13, ""failures"": 1, ""errors"": 0, ""skipped"": 0}",investigation/routine-reading/main/initial/mixed/conservative/1,6963,106,1993,tiktoken 0.14.0 o200k_base,"{""inventory cache stale request=refresh-7 age=61s threshold=60s fallback=database"": true, ""quantity price"": true}",[]
mixed,conservative,2,True,1,6.100485333000009,"{""tests"": 13, ""failures"": 1, ""errors"": 0, ""skipped"": 0}",investigation/routine-reading/main/initial/mixed/conservative/2,6963,106,2001,tiktoken 0.14.0 o200k_base,"{""inventory cache stale request=refresh-7 age=61s threshold=60s fallback=database"": true, ""quantity price"": true}",[]
mixed,conservative,3,True,1,5.981160249999988,"{""tests"": 13, ""failures"": 1, ""errors"": 0, ""skipped"": 0}",investigation/routine-reading/main/initial/mixed/conservative/3,6963,106,1998,tiktoken 0.14.0 o200k_base,"{""inventory cache stale request=refresh-7 age=61s threshold=60s fallback=database"": true, ""quantity price"": true}",[]
mixed,default,1,True,1,5.854353249999999,"{""tests"": 13, ""failures"": 1, ""errors"": 0, ""skipped"": 0}",investigation/routine-reading/main/initial/mixed/default/1,7980,106,2393,tiktoken 0.14.0 o200k_base,"{""inventory cache stale request=refresh-7 age=61s threshold=60s fallback=database"": true, ""quantity price"": true}",[]
mixed,default,2,True,1,5.982367832999998,"{""tests"": 13, ""failures"": 1, ""errors"": 0, ""skipped"": 0}",investigation/routine-reading/main/initial/mixed/default/2,7980,106,2389,tiktoken 0.14.0 o200k_base,"{""inventory cache stale request=refresh-7 age=61s threshold=60s fallback=database"": true, ""quantity price"": true}",[]
mixed,default,3,True,1,6.155144082999982,"{""tests"": 13, ""failures"": 1, ""errors"": 0, ""skipped"": 0}",investigation/routine-reading/main/initial/mixed/default/3,7979,106,2397,tiktoken 0.14.0 o200k_base,"{""inventory cache stale request=refresh-7 age=61s threshold=60s fallback=database"": true, ""quantity price"": true}",[]
unit,conservative,1,True,0,5.575192790999999,"{""tests"": 2, ""failures"": 0, ""errors"": 0, ""skipped"": 0}",investigation/routine-reading/main/initial/unit/conservative/1,3221,56,869,tiktoken 0.14.0 o200k_base,{},[]
unit,conservative,2,True,0,5.522572749999995,"{""tests"": 2, ""failures"": 0, ""errors"": 0, ""skipped"": 0}",investigation/routine-reading/main/initial/unit/conservative/2,3221,56,867,tiktoken 0.14.0 o200k_base,{},[]
unit,conservative,3,True,0,5.69560337499999,"{""tests"": 2, ""failures"": 0, ""errors"": 0, ""skipped"": 0}",investigation/routine-reading/main/initial/unit/conservative/3,3221,56,868,tiktoken 0.14.0 o200k_base,{},[]
unit,default,1,True,0,5.590965833000002,"{""tests"": 2, ""failures"": 0, ""errors"": 0, ""skipped"": 0}",investigation/routine-reading/main/initial/unit/default/1,3221,56,867,tiktoken 0.14.0 o200k_base,{},[]
unit,default,2,True,0,5.5058048749999955,"{""tests"": 2, ""failures"": 0, ""errors"": 0, ""skipped"": 0}",investigation/routine-reading/main/initial/unit/default/2,3221,56,867,tiktoken 0.14.0 o200k_base,{},[]
unit,default,3,True,0,5.647842874999981,"{""tests"": 2, ""failures"": 0, ""errors"": 0, ""skipped"": 0}",investigation/routine-reading/main/initial/unit/default/3,3221,56,869,tiktoken 0.14.0 o200k_base,{},[]
