scenario,condition,run,index,command,returned_text,category,log_directed,source_directed,test_execution,log_bytes_lower,log_bytes_upper,log_token_lower,log_token_upper,unallocated_log_mixed,segment_rules,segments,bytes,lines,tokens,tokenizer
container,conservative,1,0,"/bin/zsh -lc ""pwd && rg --files -g 'AGENTS.md' -g 'change.diff' -g 'test-output.log' -g 'test.sh' -g '*Routine*'""",investigation/routine-reading/main/trials/container/conservative/1/returned-text/000.txt,other,False,False,False,0,0,0,0,False,[],[],272,7,85,tiktoken 0.14.0 o200k_base
container,conservative,1,1,/bin/zsh -lc 'cat change.diff test-output.log test.sh',investigation/routine-reading/main/trials/container/conservative/1/returned-text/001.txt,mixed,True,True,False,6476,6476,1937,1937,False,"[""literal full-file match""]","[{""start_character"": 384, ""end_character"": 6856, ""bytes"": 6476, ""lines"": 93, ""tokens"": 1937, ""tokenizer"": ""tiktoken 0.14.0 o200k_base""}]",7349,106,2172,tiktoken 0.14.0 o200k_base
container,conservative,1,2,/bin/zsh -lc 'cat AGENTS.md investigation/src/test/java/com/ai/token/experiment/RoutineService.java investigation/src/test/java/com/ai/token/experiment/RoutineCasesTest.java',investigation/routine-reading/main/trials/container/conservative/1/returned-text/002.txt,source_read,False,True,False,0,0,0,0,False,[],[],6611,104,1390,tiktoken 0.14.0 o200k_base
container,conservative,1,3,/bin/zsh -lc ./test.sh,investigation/routine-reading/main/trials/container/conservative/1/returned-text/003.txt,test_command,False,False,True,0,0,0,0,False,[],[],15478,177,4257,tiktoken 0.14.0 o200k_base
container,conservative,1,4,"/bin/zsh -lc ""rg -n 'streamLog|containerLogs|deduplicate|WARN|filter' investigation/src/test investigation/src/main src pom.xml""",investigation/routine-reading/main/trials/container/conservative/1/returned-text/004.txt,source_read,False,True,False,0,0,0,0,False,[],[],1763,11,389,tiktoken 0.14.0 o200k_base
container,conservative,1,5,"/bin/zsh -lc ""sed -n '88,115p' investigation/src/test/java/com/ai/token/experiment/FailureCasesTest.java && rg --files investigation/src/test/resources src/main/resources""",investigation/routine-reading/main/trials/container/conservative/1/returned-text/005.txt,mixed,False,True,False,0,0,0,0,False,[],[],1172,17,241,tiktoken 0.14.0 o200k_base
container,conservative,1,6,"/bin/zsh -lc ""rg --files target -g '*container*' -g '*retrieval*'""",investigation/routine-reading/main/trials/container/conservative/1/returned-text/006.txt,other,False,False,False,0,0,0,0,False,[],[],0,0,0,tiktoken 0.14.0 o200k_base
container,default,1,0,"/bin/zsh -lc ""pwd; rg --files -g 'AGENTS.md' -g 'change.diff' -g 'test-output.log' -g 'test.sh' -g '*Routine*'""",investigation/routine-reading/main/trials/container/default/1/returned-text/000.txt,other,False,False,False,0,0,0,0,False,[],[],272,7,82,tiktoken 0.14.0 o200k_base
container,default,1,1,/bin/zsh -lc 'cat change.diff; cat test-output.log; cat test.sh',investigation/routine-reading/main/trials/container/default/1/returned-text/001.txt,mixed,True,True,False,7827,7827,2425,2425,False,"[""literal full-file match""]","[{""start_character"": 384, ""end_character"": 8207, ""bytes"": 7827, ""lines"": 93, ""tokens"": 2425, ""tokenizer"": ""tiktoken 0.14.0 o200k_base""}]",8639,106,2645,tiktoken 0.14.0 o200k_base
container,default,1,2,/bin/zsh -lc 'cat AGENTS.md; cat investigation/src/test/java/com/ai/token/experiment/RoutineService.java; cat investigation/src/test/java/com/ai/token/experiment/RoutineCasesTest.java; rg --files investigation',investigation/routine-reading/main/trials/container/default/1/returned-text/002.txt,mixed,False,True,False,0,0,0,0,False,[],[],7081,111,1492,tiktoken 0.14.0 o200k_base
container,default,1,3,/bin/zsh -lc ./test.sh,investigation/routine-reading/main/trials/container/default/1/returned-text/003.txt,test_command,False,False,True,0,0,0,0,False,[],[],40265,339,11401,tiktoken 0.14.0 o200k_base
container,default,1,4,"/bin/zsh -lc ""rg -n 'streamLog|containerLogs|show|logs|System.getProperty' investigation/src/test/java/com/ai/token/experiment/FailureCasesTest.java; cat investigation/src/test/resources/application-p1.yml; cat investigation/src/test/resources/application-p2.yml""",investigation/routine-reading/main/trials/container/default/1/returned-text/004.txt,source_read,False,True,False,0,0,0,0,False,[],[],1717,18,414,tiktoken 0.14.0 o200k_base
container,default,1,5,"/bin/zsh -lc ""rg --files -g '*container*' -g '""'!target/classes/**'""'; sed -n '89,101p' investigation/src/test/java/com/ai/token/experiment/FailureCasesTest.java; rg -n 'WARN|worker ready|cache stale' target --glob '*.log'""",investigation/routine-reading/main/trials/container/default/1/returned-text/005.txt,mixed,True,True,False,0,1092,0,233,True,[],[],1092,15,233,tiktoken 0.14.0 o200k_base
container,default,1,6,/bin/zsh -lc 'cat container-logs/routine-worker.container.log; cat container-logs/routine-worker.container.STDERR.log',investigation/routine-reading/main/trials/container/default/1/returned-text/006.txt,log_inspection,True,False,False,125,125,37,37,False,"[""entire log-directed result""]","[{""start_character"": 0, ""end_character"": 125, ""bytes"": 125, ""lines"": 3, ""tokens"": 37, ""tokenizer"": ""tiktoken 0.14.0 o200k_base""}]",125,3,37,tiktoken 0.14.0 o200k_base
database,conservative,1,0,/bin/zsh -lc 'pwd; git status --short; cat change.diff; cat test-output.log',investigation/routine-reading/main/trials/database/conservative/1/returned-text/000.txt,mixed,True,True,False,4104,4104,1192,1192,False,"[""literal full-file match""]","[{""start_character"": 534, ""end_character"": 4638, ""bytes"": 4104, ""lines"": 70, ""tokens"": 1192, ""tokenizer"": ""tiktoken 0.14.0 o200k_base""}]",4638,82,1348,tiktoken 0.14.0 o200k_base
database,conservative,1,1,"/bin/zsh -lc ""rg --files -g AGENTS.md -g '*Test*' -g 'RoutineService.java' -g 'test.sh'; cat test.sh; cat investigation/src/test/java/com/ai/token/experiment/RoutineService.java; rg -n '.' investigation/src/test/java/com/ai/token/experiment/RoutineCasesTest.java""",investigation/routine-reading/main/trials/database/conservative/1/returned-text/001.txt,mixed,False,True,False,0,0,0,0,False,[],[],7158,112,1688,tiktoken 0.14.0 o200k_base
database,conservative,1,2,/bin/zsh -lc 'cat AGENTS.md; ./test.sh',investigation/routine-reading/main/trials/database/conservative/1/returned-text/002.txt,mixed,False,True,True,0,0,0,0,False,[],[],4099,70,1189,tiktoken 0.14.0 o200k_base
database,conservative,2,0,"/bin/zsh -lc ""pwd; rg --files -g 'AGENTS.md' -g 'change.diff' -g 'test-output.log' -g 'test.sh' -g '*Routine*'""",investigation/routine-reading/main/trials/database/conservative/2/returned-text/000.txt,other,False,False,False,0,0,0,0,False,[],[],272,7,82,tiktoken 0.14.0 o200k_base
database,conservative,2,1,/bin/zsh -lc 'cat change.diff; cat test-output.log; cat test.sh',investigation/routine-reading/main/trials/database/conservative/2/returned-text/001.txt,mixed,True,True,False,4105,4105,1192,1192,False,"[""literal full-file match""]","[{""start_character"": 385, ""end_character"": 4490, ""bytes"": 4105, ""lines"": 70, ""tokens"": 1192, ""tokenizer"": ""tiktoken 0.14.0 o200k_base""}]",4978,84,1427,tiktoken 0.14.0 o200k_base
database,conservative,2,2,/bin/zsh -lc 'cat AGENTS.md; cat investigation/src/test/java/com/ai/token/experiment/RoutineService.java; cat investigation/src/test/java/com/ai/token/experiment/RoutineCasesTest.java',investigation/routine-reading/main/trials/database/conservative/2/returned-text/002.txt,source_read,False,True,False,0,0,0,0,False,[],[],6611,104,1390,tiktoken 0.14.0 o200k_base
database,default,1,0,/bin/zsh -lc 'pwd; git status --short; cat change.diff; cat test-output.log',investigation/routine-reading/main/trials/database/default/1/returned-text/000.txt,mixed,True,True,False,4368,4368,1286,1286,False,"[""literal full-file match""]","[{""start_character"": 534, ""end_character"": 4902, ""bytes"": 4368, ""lines"": 70, ""tokens"": 1286, ""tokenizer"": ""tiktoken 0.14.0 o200k_base""}]",4902,82,1442,tiktoken 0.14.0 o200k_base
database,default,1,1,"/bin/zsh -lc ""rg --files -g AGENTS.md -g '*Routine*' -g 'test.sh' -g 'pom.xml'; cat test.sh; cat investigation/src/test/java/com/ai/token/experiment/*.java""",investigation/routine-reading/main/trials/database/default/1/returned-text/001.txt,mixed,False,True,False,0,0,0,0,False,[],[],17540,316,3750,tiktoken 0.14.0 o200k_base
database,default,1,2,/bin/zsh -lc 'cat AGENTS.md; ./test.sh',investigation/routine-reading/main/trials/database/default/1/returned-text/002.txt,mixed,False,True,True,0,0,0,0,False,[],[],4362,70,1286,tiktoken 0.14.0 o200k_base
http,conservative,1,0,"/bin/zsh -lc ""pwd; rg --files -g 'AGENTS.md' -g 'change.diff' -g 'test-output.log' -g 'test.sh' -g '*Routine*'""",investigation/routine-reading/main/trials/http/conservative/1/returned-text/000.txt,other,False,False,False,0,0,0,0,False,[],[],272,7,83,tiktoken 0.14.0 o200k_base
http,conservative,1,1,/bin/zsh -lc 'cat change.diff; cat test-output.log; cat test.sh',investigation/routine-reading/main/trials/http/conservative/1/returned-text/001.txt,mixed,True,True,False,4106,4106,1193,1193,False,"[""literal full-file match""]","[{""start_character"": 430, ""end_character"": 4536, ""bytes"": 4106, ""lines"": 70, ""tokens"": 1193, ""tokenizer"": ""tiktoken 0.14.0 o200k_base""}]",5020,85,1436,tiktoken 0.14.0 o200k_base
http,conservative,1,2,/bin/zsh -lc 'cat AGENTS.md; cat investigation/src/test/java/com/ai/token/experiment/RoutineService.java; cat investigation/src/test/java/com/ai/token/experiment/RoutineCasesTest.java; rg --files investigation/src/test; git status --short',investigation/routine-reading/main/trials/http/conservative/1/returned-text/002.txt,mixed,False,True,False,0,0,0,0,False,[],[],7150,112,1509,tiktoken 0.14.0 o200k_base
http,conservative,1,3,/bin/zsh -lc ./test.sh,investigation/routine-reading/main/trials/http/conservative/1/returned-text/003.txt,test_command,False,False,True,0,0,0,0,False,[],[],5808,96,1641,tiktoken 0.14.0 o200k_base
http,conservative,1,4,/bin/zsh -lc './test.sh -Dexperiment.scenario=unit',investigation/routine-reading/main/trials/http/conservative/1/returned-text/004.txt,test_command,False,False,True,0,0,0,0,False,[],[],3217,56,865,tiktoken 0.14.0 o200k_base
http,conservative,2,0,"/bin/zsh -lc ""pwd && rg --files -g 'AGENTS.md' -g 'change.diff' -g 'test-output.log' -g 'test.sh' -g '*Routine*'""",investigation/routine-reading/main/trials/http/conservative/2/returned-text/000.txt,other,False,False,False,0,0,0,0,False,[],[],272,7,84,tiktoken 0.14.0 o200k_base
http,conservative,2,1,/bin/zsh -lc 'cat change.diff; cat test-output.log; cat test.sh',investigation/routine-reading/main/trials/http/conservative/2/returned-text/001.txt,mixed,True,True,False,4108,4108,1193,1193,False,"[""literal full-file match""]","[{""start_character"": 430, ""end_character"": 4538, ""bytes"": 4108, ""lines"": 70, ""tokens"": 1193, ""tokenizer"": ""tiktoken 0.14.0 o200k_base""}]",5022,85,1436,tiktoken 0.14.0 o200k_base
http,conservative,2,2,/bin/zsh -lc 'cat AGENTS.md; cat investigation/src/test/java/com/ai/token/experiment/RoutineService.java; cat investigation/src/test/java/com/ai/token/experiment/RoutineCasesTest.java',investigation/routine-reading/main/trials/http/conservative/2/returned-text/002.txt,source_read,False,True,False,0,0,0,0,False,[],[],6611,104,1390,tiktoken 0.14.0 o200k_base
http,conservative,2,3,/bin/zsh -lc ./test.sh,investigation/routine-reading/main/trials/http/conservative/2/returned-text/003.txt,test_command,False,False,True,0,0,0,0,False,[],[],5808,96,1645,tiktoken 0.14.0 o200k_base
http,conservative,2,4,/bin/zsh -lc './test.sh -Dexperiment.scenario=unit',investigation/routine-reading/main/trials/http/conservative/2/returned-text/004.txt,test_command,False,False,True,0,0,0,0,False,[],[],3217,56,867,tiktoken 0.14.0 o200k_base
http,default,1,0,"/bin/zsh -lc ""pwd; rg --files -g 'AGENTS.md' -g 'change.diff' -g 'test-output.log' -g 'test.sh' -g '*Routine*' -g 'pom.xml'""",investigation/routine-reading/main/trials/http/default/1/returned-text/000.txt,other,False,False,False,0,0,0,0,False,[],[],280,8,85,tiktoken 0.14.0 o200k_base
http,default,1,1,/bin/zsh -lc 'cat change.diff; cat test-output.log; cat test.sh',investigation/routine-reading/main/trials/http/default/1/returned-text/001.txt,mixed,True,True,False,4359,4359,1286,1286,False,"[""literal full-file match""]","[{""start_character"": 430, ""end_character"": 4789, ""bytes"": 4359, ""lines"": 70, ""tokens"": 1286, ""tokenizer"": ""tiktoken 0.14.0 o200k_base""}]",5212,85,1514,tiktoken 0.14.0 o200k_base
http,default,1,2,/bin/zsh -lc 'cat AGENTS.md; cat investigation/src/test/java/com/ai/token/experiment/RoutineService.java; cat investigation/src/test/java/com/ai/token/experiment/RoutineCasesTest.java; rg --files investigation/src/test',investigation/routine-reading/main/trials/http/default/1/returned-text/002.txt,mixed,False,True,False,0,0,0,0,False,[],[],7081,111,1492,tiktoken 0.14.0 o200k_base
http,default,1,3,/bin/zsh -lc ./test.sh,investigation/routine-reading/main/trials/http/default/1/returned-text/003.txt,test_command,False,False,True,0,0,0,0,False,[],[],6013,96,1711,tiktoken 0.14.0 o200k_base
http,default,1,4,/bin/zsh -lc './test.sh -Dexperiment.scenario=unit',investigation/routine-reading/main/trials/http/default/1/returned-text/004.txt,test_command,False,False,True,0,0,0,0,False,[],[],3217,56,863,tiktoken 0.14.0 o200k_base
http,default,2,0,"/bin/zsh -lc ""pwd; rg --files -g 'AGENTS.md' -g 'change.diff' -g 'test-output.log' -g 'test.sh' -g '*Routine*' -g 'pom.xml'""",investigation/routine-reading/main/trials/http/default/2/returned-text/000.txt,other,False,False,False,0,0,0,0,False,[],[],280,8,87,tiktoken 0.14.0 o200k_base
http,default,2,1,/bin/zsh -lc 'cat AGENTS.md change.diff test.sh; cat test-output.log',investigation/routine-reading/main/trials/http/default/2/returned-text/001.txt,mixed,True,True,False,4360,4360,1286,1286,False,"[""literal full-file match""]","[{""start_character"": 1440, ""end_character"": 5800, ""bytes"": 4360, ""lines"": 70, ""tokens"": 1286, ""tokenizer"": ""tiktoken 0.14.0 o200k_base""}]",5800,86,1623,tiktoken 0.14.0 o200k_base
http,default,2,2,/bin/zsh -lc 'cat investigation/src/test/java/com/ai/token/experiment/RoutineService.java investigation/src/test/java/com/ai/token/experiment/RoutineCasesTest.java',investigation/routine-reading/main/trials/http/default/2/returned-text/002.txt,source_read,False,True,False,0,0,0,0,False,[],[],6024,103,1281,tiktoken 0.14.0 o200k_base
http,default,2,3,/bin/zsh -lc ./test.sh,investigation/routine-reading/main/trials/http/default/2/returned-text/003.txt,test_command,False,False,True,0,0,0,0,False,[],[],6013,96,1719,tiktoken 0.14.0 o200k_base
http,default,2,4,/bin/zsh -lc './test.sh -Dexperiment.scenario=unit',investigation/routine-reading/main/trials/http/default/2/returned-text/004.txt,test_command,False,False,True,0,0,0,0,False,[],[],3217,56,867,tiktoken 0.14.0 o200k_base
integration,conservative,1,0,/bin/zsh -lc 'pwd; git status --short; cat change.diff; cat test-output.log',investigation/routine-reading/main/trials/integration/conservative/1/returned-text/000.txt,mixed,True,True,False,4238,4238,1225,1225,False,"[""literal full-file match""]","[{""start_character"": 579, ""end_character"": 4817, ""bytes"": 4238, ""lines"": 71, ""tokens"": 1225, ""tokenizer"": ""tiktoken 0.14.0 o200k_base""}]",4817,84,1389,tiktoken 0.14.0 o200k_base
integration,conservative,1,1,"/bin/zsh -lc ""rg --files -g '""'!target/**'""' -g '""'!**/.m2/**'""' -g '""'!**/target/**'""'; cat test.sh; cat investigation/src/test/java/com/ai/token/experiment/*.java""",investigation/routine-reading/main/trials/integration/conservative/1/returned-text/001.txt,mixed,False,True,False,0,0,0,0,False,[],[],18138,327,3881,tiktoken 0.14.0 o200k_base
integration,conservative,1,2,/bin/zsh -lc 'cat AGENTS.md; ./test.sh',investigation/routine-reading/main/trials/integration/conservative/1/returned-text/002.txt,mixed,False,True,True,0,0,0,0,False,[],[],4232,71,1222,tiktoken 0.14.0 o200k_base
integration,conservative,2,0,"/bin/zsh -lc ""pwd; rg --files -g 'AGENTS.md' -g 'change.diff' -g 'test-output.log' -g 'test.sh' -g '*Routine*'""",investigation/routine-reading/main/trials/integration/conservative/2/returned-text/000.txt,other,False,False,False,0,0,0,0,False,[],[],272,7,83,tiktoken 0.14.0 o200k_base
integration,conservative,2,1,/bin/zsh -lc 'cat change.diff; cat test.sh; cat test-output.log',investigation/routine-reading/main/trials/integration/conservative/2/returned-text/001.txt,mixed,True,True,False,4239,4239,1228,1228,False,"[""literal full-file match""]","[{""start_character"": 921, ""end_character"": 5160, ""bytes"": 4239, ""lines"": 71, ""tokens"": 1228, ""tokenizer"": ""tiktoken 0.14.0 o200k_base""}]",5160,86,1472,tiktoken 0.14.0 o200k_base
integration,conservative,2,2,/bin/zsh -lc 'cat AGENTS.md; cat investigation/src/test/java/com/ai/token/experiment/RoutineService.java; cat investigation/src/test/java/com/ai/token/experiment/RoutineCasesTest.java',investigation/routine-reading/main/trials/integration/conservative/2/returned-text/002.txt,source_read,False,True,False,0,0,0,0,False,[],[],6611,104,1390,tiktoken 0.14.0 o200k_base
integration,conservative,2,3,/bin/zsh -lc ./test.sh,investigation/routine-reading/main/trials/integration/conservative/2/returned-text/003.txt,test_command,False,False,True,0,0,0,0,False,[],[],4233,71,1222,tiktoken 0.14.0 o200k_base
integration,default,1,0,/bin/zsh -lc 'pwd; git status --short; cat change.diff; cat test-output.log',investigation/routine-reading/main/trials/integration/default/1/returned-text/000.txt,mixed,True,True,False,4559,4559,1351,1351,False,"[""literal full-file match""]","[{""start_character"": 579, ""end_character"": 5138, ""bytes"": 4559, ""lines"": 71, ""tokens"": 1351, ""tokenizer"": ""tiktoken 0.14.0 o200k_base""}]",5138,84,1516,tiktoken 0.14.0 o200k_base
integration,default,1,1,"/bin/zsh -lc ""rg --files -g '""'!target/**'""' -g '""'!investigation/.m2/**'""' -g '""'!investigation/target/**'""'; cat test.sh; cat investigation/src/test/java/com/ai/token/experiment/*.java""",investigation/routine-reading/main/trials/integration/default/1/returned-text/001.txt,mixed,False,True,False,0,0,0,0,False,[],[],18077,327,3866,tiktoken 0.14.0 o200k_base
integration,default,1,2,/bin/zsh -lc ./test.sh,investigation/routine-reading/main/trials/integration/default/1/returned-text/002.txt,test_command,False,False,True,0,0,0,0,False,[],[],4554,71,1345,tiktoken 0.14.0 o200k_base
integration,default,1,3,/bin/zsh -lc './test.sh -Dexperiment.scenario=unit',investigation/routine-reading/main/trials/integration/default/1/returned-text/003.txt,test_command,False,False,True,0,0,0,0,False,[],[],3217,56,867,tiktoken 0.14.0 o200k_base
integration,default,2,0,/bin/zsh -lc 'pwd; git status --short; cat change.diff; cat test-output.log',investigation/routine-reading/main/trials/integration/default/2/returned-text/000.txt,mixed,True,True,False,4560,4560,1354,1354,False,"[""literal full-file match""]","[{""start_character"": 579, ""end_character"": 5139, ""bytes"": 4560, ""lines"": 71, ""tokens"": 1354, ""tokenizer"": ""tiktoken 0.14.0 o200k_base""}]",5139,84,1520,tiktoken 0.14.0 o200k_base
integration,default,2,1,"/bin/zsh -lc ""rg --files -g 'AGENTS.md' -g '*Routine*' -g 'test.sh' -g 'pom.xml'; cat test.sh; cat investigation/src/test/java/com/ai/token/experiment/*.java""",investigation/routine-reading/main/trials/integration/default/2/returned-text/001.txt,mixed,False,True,False,0,0,0,0,False,[],[],17543,316,3750,tiktoken 0.14.0 o200k_base
integration,default,2,2,/bin/zsh -lc 'cat AGENTS.md; ./test.sh',investigation/routine-reading/main/trials/integration/default/2/returned-text/002.txt,mixed,False,True,True,0,0,0,0,False,[],[],4554,71,1348,tiktoken 0.14.0 o200k_base
mixed,conservative,1,0,"/bin/zsh -lc ""git status --short; rg --files -g 'AGENTS.md' -g '*Routine*' -g 'test.sh'""",investigation/routine-reading/main/trials/mixed/conservative/1/returned-text/000.txt,other,False,False,False,0,0,0,0,False,[],[],233,5,57,tiktoken 0.14.0 o200k_base
mixed,conservative,1,1,/bin/zsh -lc ./test.sh,investigation/routine-reading/main/trials/mixed/conservative/1/returned-text/001.txt,test_command,False,False,True,0,0,0,0,False,[],[],6955,106,1993,tiktoken 0.14.0 o200k_base
mixed,conservative,1,2,/bin/zsh -lc 'cat AGENTS.md test.sh investigation/src/test/java/com/ai/token/experiment/RoutineService.java investigation/src/test/java/com/ai/token/experiment/RoutineCasesTest.java',investigation/routine-reading/main/trials/mixed/conservative/1/returned-text/002.txt,source_read,False,True,False,0,0,0,0,False,[],[],7096,108,1523,tiktoken 0.14.0 o200k_base
mixed,conservative,1,3,/bin/zsh -lc ./test.sh,investigation/routine-reading/main/trials/mixed/conservative/1/returned-text/003.txt,test_command,False,False,True,0,0,0,0,False,[],[],5342,83,1561,tiktoken 0.14.0 o200k_base
mixed,conservative,1,4,/bin/zsh -lc './test.sh -Dexperiment.scenario=unit',investigation/routine-reading/main/trials/mixed/conservative/1/returned-text/004.txt,test_command,False,False,True,0,0,0,0,False,[],[],3217,56,867,tiktoken 0.14.0 o200k_base
mixed,conservative,2,0,"/bin/zsh -lc ""rg --files -g 'AGENTS.md' -g '*Routine*' -g 'test.sh'""",investigation/routine-reading/main/trials/mixed/conservative/2/returned-text/000.txt,other,False,False,False,0,0,0,0,False,[],[],164,4,40,tiktoken 0.14.0 o200k_base
mixed,conservative,2,1,/bin/zsh -lc ./test.sh,investigation/routine-reading/main/trials/mixed/conservative/2/returned-text/001.txt,test_command,False,False,True,0,0,0,0,False,[],[],6955,106,1989,tiktoken 0.14.0 o200k_base
mixed,conservative,2,2,/bin/zsh -lc 'cat AGENTS.md investigation/src/test/java/com/ai/token/experiment/RoutineService.java investigation/src/test/java/com/ai/token/experiment/RoutineCasesTest.java test.sh',investigation/routine-reading/main/trials/mixed/conservative/2/returned-text/002.txt,source_read,False,True,False,0,0,0,0,False,[],[],7096,108,1523,tiktoken 0.14.0 o200k_base
mixed,conservative,2,3,/bin/zsh -lc ./test.sh,investigation/routine-reading/main/trials/mixed/conservative/2/returned-text/003.txt,test_command,False,False,True,0,0,0,0,False,[],[],5342,83,1558,tiktoken 0.14.0 o200k_base
mixed,conservative,2,4,/bin/zsh -lc 'git diff -- investigation/src/test/java/com/ai/token/experiment/RoutineService.java',investigation/routine-reading/main/trials/mixed/conservative/2/returned-text/004.txt,other,False,False,False,0,0,0,0,False,[],[],7365,130,1652,tiktoken 0.14.0 o200k_base
mixed,default,1,0,"/bin/zsh -lc ""pwd; rg --files -g 'AGENTS.md' -g '*Routine*' -g 'test.sh' -g 'pom.xml'""",investigation/routine-reading/main/trials/mixed/default/1/returned-text/000.txt,other,False,False,False,0,0,0,0,False,[],[],252,6,80,tiktoken 0.14.0 o200k_base
mixed,default,1,1,/bin/zsh -lc ./test.sh,investigation/routine-reading/main/trials/mixed/default/1/returned-text/001.txt,test_command,False,False,True,0,0,0,0,False,[],[],7972,106,2389,tiktoken 0.14.0 o200k_base
mixed,default,1,2,/bin/zsh -lc 'cat AGENTS.md; cat investigation/src/test/java/com/ai/token/experiment/RoutineService.java; cat investigation/src/test/java/com/ai/token/experiment/RoutineCasesTest.java; cat test.sh',investigation/routine-reading/main/trials/mixed/default/1/returned-text/002.txt,source_read,False,True,False,0,0,0,0,False,[],[],7035,108,1508,tiktoken 0.14.0 o200k_base
mixed,default,1,3,/bin/zsh -lc ./test.sh,investigation/routine-reading/main/trials/mixed/default/1/returned-text/003.txt,test_command,False,False,True,0,0,0,0,False,[],[],6359,83,1957,tiktoken 0.14.0 o200k_base
mixed,default,1,4,/bin/zsh -lc 'git diff -- investigation/src/test/java/com/ai/token/experiment/RoutineService.java; git status --short',investigation/routine-reading/main/trials/mixed/default/1/returned-text/004.txt,other,False,False,False,0,0,0,0,False,[],[],7434,131,1669,tiktoken 0.14.0 o200k_base
mixed,default,2,0,"/bin/zsh -lc ""pwd; rg --files -g 'AGENTS.md' -g '*Routine*' -g 'test.sh' -g 'pom.xml'""",investigation/routine-reading/main/trials/mixed/default/2/returned-text/000.txt,other,False,False,False,0,0,0,0,False,[],[],252,6,80,tiktoken 0.14.0 o200k_base
mixed,default,2,1,/bin/zsh -lc ./test.sh,investigation/routine-reading/main/trials/mixed/default/2/returned-text/001.txt,test_command,False,False,True,0,0,0,0,False,[],[],7971,106,2389,tiktoken 0.14.0 o200k_base
mixed,default,2,2,/bin/zsh -lc 'cat AGENTS.md; cat investigation/src/test/java/com/ai/token/experiment/RoutineService.java; cat investigation/src/test/java/com/ai/token/experiment/RoutineCasesTest.java; cat test.sh',investigation/routine-reading/main/trials/mixed/default/2/returned-text/002.txt,source_read,False,True,False,0,0,0,0,False,[],[],7035,108,1508,tiktoken 0.14.0 o200k_base
mixed,default,2,3,/bin/zsh -lc ./test.sh,investigation/routine-reading/main/trials/mixed/default/2/returned-text/003.txt,test_command,False,False,True,0,0,0,0,False,[],[],6359,83,1957,tiktoken 0.14.0 o200k_base
mixed,default,2,4,/bin/zsh -lc 'git diff -- investigation/src/test/java/com/ai/token/experiment/RoutineService.java; git status --short',investigation/routine-reading/main/trials/mixed/default/2/returned-text/004.txt,other,False,False,False,0,0,0,0,False,[],[],7434,131,1669,tiktoken 0.14.0 o200k_base
unit,conservative,1,0,"/bin/zsh -lc ""pwd; rg --files -g 'AGENTS.md' -g 'change.diff' -g 'test-output.log' -g 'test.sh' -g '*Routine*'""",investigation/routine-reading/main/trials/unit/conservative/1/returned-text/000.txt,other,False,False,False,0,0,0,0,False,[],[],272,7,85,tiktoken 0.14.0 o200k_base
unit,conservative,1,1,/bin/zsh -lc 'cat change.diff; cat test.sh; cat test-output.log',investigation/routine-reading/main/trials/unit/conservative/1/returned-text/001.txt,mixed,True,True,False,3221,3221,869,869,False,"[""literal full-file match""]","[{""start_character"": 914, ""end_character"": 4135, ""bytes"": 3221, ""lines"": 56, ""tokens"": 869, ""tokenizer"": ""tiktoken 0.14.0 o200k_base""}]",4135,71,1113,tiktoken 0.14.0 o200k_base
unit,conservative,1,2,/bin/zsh -lc 'cat AGENTS.md; cat investigation/src/test/java/com/ai/token/experiment/RoutineService.java; cat investigation/src/test/java/com/ai/token/experiment/RoutineCasesTest.java; git status --short',investigation/routine-reading/main/trials/unit/conservative/1/returned-text/002.txt,mixed,False,True,False,0,0,0,0,False,[],[],6680,105,1407,tiktoken 0.14.0 o200k_base
unit,conservative,1,3,/bin/zsh -lc ./test.sh,investigation/routine-reading/main/trials/unit/conservative/1/returned-text/003.txt,test_command,False,False,True,0,0,0,0,False,[],[],3217,56,869,tiktoken 0.14.0 o200k_base
unit,conservative,2,0,"/bin/zsh -lc ""pwd; rg --files -g 'AGENTS.md' -g 'change.diff' -g 'test-output.log' -g 'test.sh' -g '*Routine*'""",investigation/routine-reading/main/trials/unit/conservative/2/returned-text/000.txt,other,False,False,False,0,0,0,0,False,[],[],272,7,84,tiktoken 0.14.0 o200k_base
unit,conservative,2,1,/bin/zsh -lc 'cat change.diff; cat test-output.log; cat test.sh',investigation/routine-reading/main/trials/unit/conservative/2/returned-text/001.txt,mixed,True,True,False,3221,3221,867,867,False,"[""literal full-file match""]","[{""start_character"": 430, ""end_character"": 3651, ""bytes"": 3221, ""lines"": 56, ""tokens"": 867, ""tokenizer"": ""tiktoken 0.14.0 o200k_base""}]",4135,71,1111,tiktoken 0.14.0 o200k_base
unit,conservative,2,2,/bin/zsh -lc 'cat AGENTS.md; cat investigation/src/test/java/com/ai/token/experiment/RoutineService.java; cat investigation/src/test/java/com/ai/token/experiment/RoutineCasesTest.java; git status --short',investigation/routine-reading/main/trials/unit/conservative/2/returned-text/002.txt,mixed,False,True,False,0,0,0,0,False,[],[],6680,105,1407,tiktoken 0.14.0 o200k_base
unit,conservative,2,3,/bin/zsh -lc ./test.sh,investigation/routine-reading/main/trials/unit/conservative/2/returned-text/003.txt,test_command,False,False,True,0,0,0,0,False,[],[],3217,56,867,tiktoken 0.14.0 o200k_base
unit,default,1,0,"/bin/zsh -lc ""pwd; rg --files -g 'AGENTS.md' -g 'change.diff' -g 'test-output.log' -g 'test.sh' -g '*Routine*'""",investigation/routine-reading/main/trials/unit/default/1/returned-text/000.txt,other,False,False,False,0,0,0,0,False,[],[],272,7,83,tiktoken 0.14.0 o200k_base
unit,default,1,1,/bin/zsh -lc 'cat change.diff; cat test-output.log; cat test.sh',investigation/routine-reading/main/trials/unit/default/1/returned-text/001.txt,mixed,True,True,False,3221,3221,867,867,False,"[""literal full-file match""]","[{""start_character"": 430, ""end_character"": 3651, ""bytes"": 3221, ""lines"": 56, ""tokens"": 867, ""tokenizer"": ""tiktoken 0.14.0 o200k_base""}]",4074,71,1096,tiktoken 0.14.0 o200k_base
unit,default,1,2,/bin/zsh -lc 'cat AGENTS.md; cat investigation/src/test/java/com/ai/token/experiment/RoutineService.java; cat investigation/src/test/java/com/ai/token/experiment/RoutineCasesTest.java; rg --files investigation/src/test',investigation/routine-reading/main/trials/unit/default/1/returned-text/002.txt,mixed,False,True,False,0,0,0,0,False,[],[],7081,111,1492,tiktoken 0.14.0 o200k_base
unit,default,1,3,/bin/zsh -lc ./test.sh,investigation/routine-reading/main/trials/unit/default/1/returned-text/003.txt,test_command,False,False,True,0,0,0,0,False,[],[],3217,56,865,tiktoken 0.14.0 o200k_base
unit,default,2,0,"/bin/zsh -lc ""pwd && rg --files -g 'AGENTS.md' -g 'change.diff' -g 'test-output.log' -g 'test.sh' -g '*RoutineService*'""",investigation/routine-reading/main/trials/unit/default/2/returned-text/000.txt,other,False,False,False,0,0,0,0,False,[],[],198,6,67,tiktoken 0.14.0 o200k_base
unit,default,2,1,/bin/zsh -lc 'cat change.diff; cat test-output.log; cat test.sh',investigation/routine-reading/main/trials/unit/default/2/returned-text/001.txt,mixed,True,True,False,3221,3221,867,867,False,"[""literal full-file match""]","[{""start_character"": 430, ""end_character"": 3651, ""bytes"": 3221, ""lines"": 56, ""tokens"": 867, ""tokenizer"": ""tiktoken 0.14.0 o200k_base""}]",4074,71,1096,tiktoken 0.14.0 o200k_base
unit,default,2,2,"/bin/zsh -lc ""cat AGENTS.md; cat investigation/src/test/java/com/ai/token/experiment/RoutineService.java; rg --files investigation/src/test; rg -n 'total|email|readiness|Test|scenario' investigation/src/test/java""",investigation/routine-reading/main/trials/unit/default/2/returned-text/002.txt,mixed,False,True,False,0,0,0,0,False,[],[],7962,54,1838,tiktoken 0.14.0 o200k_base
unit,default,2,3,/bin/zsh -lc ./test.sh,investigation/routine-reading/main/trials/unit/default/2/returned-text/003.txt,test_command,False,False,True,0,0,0,0,False,[],[],3217,56,867,tiktoken 0.14.0 o200k_base
