scenario,condition,run,status,debugging_began,elapsed_seconds,verification_exit,verification_counts,verification_seconds,fix_valid,success_recognized,warning_recognized,agent_rerun_success,review,evidence,log_tokens_lower,log_tokens_upper,log_calls,search_calls,context_requests,full_file_requests,repeated_commands,test_commands,unallocated_mixed_calls,verification_output_tokens_lower,verification_output_tokens_upper,actual_total_text_upper,complete_model_tool_response_capture,log_inspection_tokens,test_command_tokens,source_read_tokens,mixed_tokens,other_tokens,input_tokens,cached_input_tokens,output_tokens
container,conservative,1,finished,True,41.83973520799998,0,"{""tests"": 1, ""failures"": 0, ""errors"": 0, ""skipped"": 0}",8.303853541999956,True,previous pass; live Docker blocked,True,False,"No source changes. Correctly separated previous readiness success from Docker socket denial in fresh agent rerun. Reported nonfatal container cache warning and Kotlin Unsafe warning. Warning recognition came from fixture-source inspection; no recorded read of retained container stream files. Stated emission is supported by evaluator streams, but does not demonstrate log-reading discovery. Independent real-container test passed.",investigation/routine-reading/main/trials/container/conservative/1,1937,1937,1,0,0,1,0,1,0,6194,6194,,False,0,4257,1779,2413,85,120566,94976,570
container,conservative,2,not_scheduled_quota,False,,,,,,,,,,investigation/routine-reading/main/trials/container/conservative/2,0,0,0,0,0,0,0,0,0,0,0,,False,0,0,0,0,0,,,
container,conservative,3,not_scheduled_quota,False,,,,,,,,,,investigation/routine-reading/main/trials/container/conservative/3,0,0,0,0,0,0,0,0,0,0,0,,False,0,0,0,0,0,,,
container,default,1,finished,True,45.46230149999997,0,"{""tests"": 1, ""failures"": 0, ""errors"": 0, ""skipped"": 0}",6.667810207999992,True,previous pass; live Docker blocked,True,False,"No source changes. Correctly separated previous readiness success from Docker socket denial in fresh agent rerun. Reported nonfatal container cache warning and Kotlin Unsafe warning. Directly read combined container log and stderr, repeating the warning. Independent real-container test passed.",investigation/routine-reading/main/trials/container/default/1,2462,2695,3,1,1,3,0,1,1,13863,14096,,False,37,11401,414,4370,82,133242,115968,608
container,default,2,not_scheduled_quota,False,,,,,,,,,,investigation/routine-reading/main/trials/container/default/2,0,0,0,0,0,0,0,0,0,0,0,,False,0,0,0,0,0,,,
container,default,3,not_scheduled_quota,False,,,,,,,,,,investigation/routine-reading/main/trials/container/default/3,0,0,0,0,0,0,0,0,0,0,0,,False,0,0,0,0,0,,,
database,conservative,1,finished,True,41.46241050000003,0,"{""tests"": 1, ""failures"": 0, ""errors"": 0, ""skipped"": 0}",5.603273584000021,True,True,True,True,No source changes; correctly recognized original database test pass and both distinct unique emails; reported Kotlin Unsafe warning. Independent test passed.,investigation/routine-reading/main/trials/database/conservative/1,1192,1192,1,0,0,1,0,1,0,1192,2381,,False,0,0,0,4225,0,84492,76160,359
database,conservative,2,quota_interrupted,True,17.073431208000102,0,"{""tests"": 1, ""failures"": 0, ""errors"": 0, ""skipped"": 0}",5.120246791999989,True,,,,"Quota interrupted after initial inspection, without diagnosis or final assessment. Correct pre-existing implementation remains unchanged and independently passes, but this is not a completed agent verification or recorded success/warning recognition.",investigation/routine-reading/main/trials/database/conservative/2,1192,1192,1,0,0,1,0,0,0,1192,1192,,False,0,0,1390,1427,82,,,
database,conservative,3,not_scheduled_quota,False,,,,,,,,,,investigation/routine-reading/main/trials/database/conservative/3,0,0,0,0,0,0,0,0,0,0,0,,False,0,0,0,0,0,,,
database,default,1,finished,True,46.14469779199999,0,"{""tests"": 1, ""failures"": 0, ""errors"": 0, ""skipped"": 0}",5.662062042000002,True,True,True,True,"No source edits. Correctly reported one passing database test, both distinct records and retained uniqueness constraint. Reported Kotlin Unsafe warning and limited verification to database scenario. Independent original check passed.",investigation/routine-reading/main/trials/database/default/1,1286,1286,1,0,0,1,0,1,0,1286,2572,,False,0,0,0,6478,0,92058,81152,346
database,default,2,not_scheduled_quota,False,,,,,,,,,,investigation/routine-reading/main/trials/database/default/2,0,0,0,0,0,0,0,0,0,0,0,,False,0,0,0,0,0,,,
database,default,3,not_scheduled_quota,False,,,,,,,,,,investigation/routine-reading/main/trials/database/default/3,0,0,0,0,0,0,0,0,0,0,0,,False,0,0,0,0,0,,,
http,conservative,1,finished,True,62.26673137499995,0,"{""tests"": 1, ""failures"": 0, ""errors"": 0, ""skipped"": 0}",5.6925280000000384,True,previous pass; live HTTP blocked,True,False,Preserved correct implementation. Accurately distinguished previous HTTP success from sandbox SocketException on live rerun; verified pricing via 2/2 unit tests without claiming HTTP runtime verification. Reported Kotlin Unsafe warning. Independent real HTTP check passed.,investigation/routine-reading/main/trials/http/conservative/1,1193,1193,1,0,0,1,0,2,0,3699,3699,,False,0,2506,0,2945,83,107975,97920,534
http,conservative,2,finished,True,38.794231999999965,0,"{""tests"": 1, ""failures"": 0, ""errors"": 0, ""skipped"": 0}",5.630787332999944,True,previous pass; live HTTP blocked,True,False,No edits; correctly distinguished earlier HTTP pass from denied live socket bind. Verified pricing in original unit tests and reported JVM warning without claiming fresh HTTP success. Independent real HTTP verification passed.,investigation/routine-reading/main/trials/http/conservative/2,1193,1193,1,0,0,1,0,2,0,3705,3705,,False,0,2512,1390,1436,84,107666,97664,544
http,conservative,3,not_scheduled_quota,False,,,,,,,,,,investigation/routine-reading/main/trials/http/conservative/3,0,0,0,0,0,0,0,0,0,0,0,,False,0,0,0,0,0,,,
http,default,1,finished,True,52.53753666699998,0,"{""tests"": 1, ""failures"": 0, ""errors"": 0, ""skipped"": 0}",5.681798916999924,True,previous pass; live HTTP blocked,True,False,"No source edits. Correctly reported previous successful HTTP response and fresh socket-permission blocker, and passed 2/2 pricing unit checks without claiming fresh HTTP success. Reported Kotlin Unsafe warning. Independent original HTTP test passed.",investigation/routine-reading/main/trials/http/default/1,1286,1286,1,0,0,1,0,2,0,3860,3860,,False,0,2574,0,3006,85,108480,95872,553
http,default,2,finished,True,43.50477762499986,0,"{""tests"": 1, ""failures"": 0, ""errors"": 0, ""skipped"": 0}",5.788748209000005,True,previous pass; live HTTP blocked,True,False,No edits; correctly distinguished earlier HTTP pass from denied live socket bind. Verified pricing in original unit tests and reported JVM warning without claiming fresh HTTP success. Independent real HTTP verification passed.,investigation/routine-reading/main/trials/http/default/2,1286,1286,1,0,0,1,0,2,0,3872,3872,,False,0,2586,1281,1623,87,122788,109952,547
http,default,3,not_scheduled_quota,False,,,,,,,,,,investigation/routine-reading/main/trials/http/default/3,0,0,0,0,0,0,0,0,0,0,0,,False,0,0,0,0,0,,,
integration,conservative,1,finished,True,54.474370041999975,0,"{""tests"": 1, ""failures"": 0, ""errors"": 0, ""skipped"": 0}",5.719320625000023,True,True,True,True,No implementation edits. Correctly recognized passing integration scenario; explicitly identified stale inventory cache age/threshold/database fallback and Kotlin Unsafe deprecation. Default additionally ran unit checks. Independent original integration check passed.,investigation/routine-reading/main/trials/integration/conservative/1,1225,1225,1,0,0,1,0,1,0,1225,2447,,False,0,0,0,6492,0,92150,51712,357
integration,conservative,2,finished,True,31.708585375000098,0,"{""tests"": 1, ""failures"": 0, ""errors"": 0, ""skipped"": 0}",5.59315704200003,True,True,True,True,"No edits; accurately reported passing integration test and both stale-cache and Kotlin Unsafe warnings. Explicitly recognized stale-cache message is fixture-authored, not proof of real fallback behavior. Independently passed original test.",investigation/routine-reading/main/trials/integration/conservative/2,1228,1228,1,0,0,1,0,1,0,2450,2450,,False,0,1222,1390,1472,83,66773,58752,405
integration,conservative,3,not_scheduled_quota,False,,,,,,,,,,investigation/routine-reading/main/trials/integration/conservative/3,0,0,0,0,0,0,0,0,0,0,0,,False,0,0,0,0,0,,,
integration,default,1,finished,True,43.74718299999995,0,"{""tests"": 1, ""failures"": 0, ""errors"": 0, ""skipped"": 0}",5.5870331670000155,True,True,True,True,No implementation edits. Correctly recognized passing integration scenario; explicitly identified stale inventory cache age/threshold/database fallback and Kotlin Unsafe deprecation. Default additionally ran unit checks. Independent original integration check passed.,investigation/routine-reading/main/trials/integration/default/1,1351,1351,1,0,0,1,0,2,0,3563,3563,,False,0,2212,0,5382,0,137730,125056,463
integration,default,2,finished,True,33.590771292,0,"{""tests"": 1, ""failures"": 0, ""errors"": 0, ""skipped"": 0}",5.538457083999901,True,True,True,True,"No edits; accurately reported passing integration test and both stale-cache and Kotlin Unsafe warnings. Explicitly recognized stale-cache message is fixture-authored, not proof of real fallback behavior. Independently passed original test.",investigation/routine-reading/main/trials/integration/default/2,1354,1354,1,0,0,1,0,1,0,1354,2702,,False,0,0,0,6618,0,92477,81408,356
integration,default,3,not_scheduled_quota,False,,,,,,,,,,investigation/routine-reading/main/trials/integration/default/3,0,0,0,0,0,0,0,0,0,0,0,,False,0,0,0,0,0,,,
mixed,conservative,1,finished,True,95.362915875,0,"{""tests"": 13, ""failures"": 0, ""errors"": 0, ""skipped"": 0}",5.902953958000012,True,True,True,True,"Reviewed one-character addition-to-multiplication repair, explicit diagnosis, full 13-test passing rerun, and independent 13/13 verification. Recognized intentional stale-cache warning and Kotlin Unsafe warning. No immutable edits.",investigation/routine-reading/main/trials/mixed/conservative/1,0,0,0,0,0,0,0,3,0,4421,4421,,False,0,4421,1523,0,57,127548,114048,660
mixed,conservative,2,finished,True,76.16997724999999,0,"{""tests"": 13, ""failures"": 0, ""errors"": 0, ""skipped"": 0}",5.542245958999956,True,True,True,True,"Reviewed sole addition-to-multiplication patch, accurate diagnosis and full 13/13 passing rerun, confirmed independently with unchanged tests. Explicitly reported fixture stale-cache and Kotlin Unsafe warnings.",investigation/routine-reading/main/trials/mixed/conservative/2,0,0,0,0,0,0,0,2,0,3547,3547,,False,0,3547,1523,0,1692,86431,72064,576
mixed,conservative,3,not_scheduled_quota,False,,,,,,,,,,investigation/routine-reading/main/trials/mixed/conservative/3,0,0,0,0,0,0,0,0,0,0,0,,False,0,0,0,0,0,,,
mixed,default,1,finished,True,52.560866292,0,"{""tests"": 13, ""failures"": 0, ""errors"": 0, ""skipped"": 0}",5.528798875,True,True,True,True,"Reviewed one-character addition-to-multiplication repair, explicit diagnosis, full 13-test passing rerun, and independent 13/13 verification. Recognized intentional stale-cache warning and Kotlin Unsafe warning. No immutable edits.",investigation/routine-reading/main/trials/mixed/default/1,0,0,0,0,0,0,0,2,0,4346,4346,,False,0,4346,1508,0,1749,105350,85760,622
mixed,default,2,finished,True,48.00147770800004,0,"{""tests"": 13, ""failures"": 0, ""errors"": 0, ""skipped"": 0}",5.492556959000012,True,True,True,True,"Reviewed sole addition-to-multiplication patch, accurate diagnosis and full 13/13 passing rerun, confirmed independently with unchanged tests. Explicitly reported fixture stale-cache and Kotlin Unsafe warnings.",investigation/routine-reading/main/trials/mixed/default/2,0,0,0,0,0,0,0,2,0,4346,4346,,False,0,4346,1508,0,1749,88320,65536,601
mixed,default,3,not_scheduled_quota,False,,,,,,,,,,investigation/routine-reading/main/trials/mixed/default/3,0,0,0,0,0,0,0,0,0,0,0,,False,0,0,0,0,0,,,
unit,conservative,1,finished,True,48.058598750000016,0,"{""tests"": 2, ""failures"": 0, ""errors"": 0, ""skipped"": 0}",5.6579480829999795,True,True,True,True,"No source changes; correctly recognized 2/2 passing unit checks and explicit quantity behavior, reported Kotlin Unsafe deprecation warning, and limited claims to this scenario. Independent original tests passed.",investigation/routine-reading/main/trials/unit/conservative/1,869,869,1,0,0,1,0,1,0,1738,1738,,False,0,869,0,2520,85,65362,57984,393
unit,conservative,2,finished,True,33.737366250000036,0,"{""tests"": 2, ""failures"": 0, ""errors"": 0, ""skipped"": 0}",5.4136360830000285,True,True,True,True,"No edits; accurately reported 2/2 passing quantity and zero checks, Kotlin Unsafe warning, and limited verification scope. Independently passed original unit tests.",investigation/routine-reading/main/trials/unit/conservative/2,867,867,1,0,0,1,0,1,0,1734,1734,,False,0,867,0,2518,84,65404,52352,405
unit,conservative,3,not_scheduled_quota,False,,,,,,,,,,investigation/routine-reading/main/trials/unit/conservative/3,0,0,0,0,0,0,0,0,0,0,0,,False,0,0,0,0,0,,,
unit,default,1,finished,True,27.213335750000027,0,"{""tests"": 2, ""failures"": 0, ""errors"": 0, ""skipped"": 0}",5.423332249999987,True,True,True,True,"No source changes; correctly recognized 2/2 passing unit checks and explicit quantity behavior, reported Kotlin Unsafe deprecation warning, and limited claims to this scenario. Independent original tests passed.",investigation/routine-reading/main/trials/unit/default/1,867,867,1,0,0,1,0,1,0,1732,1732,,False,0,865,0,2588,83,65409,58112,381
unit,default,2,finished,True,34.344947166,0,"{""tests"": 2, ""failures"": 0, ""errors"": 0, ""skipped"": 0}",5.167650167000033,True,True,True,True,"No edits; accurately reported 2/2 passing quantity and zero checks, Kotlin Unsafe warning, and limited verification scope. Independently passed original unit tests.",investigation/routine-reading/main/trials/unit/default/2,867,867,1,0,0,1,0,1,0,1734,1734,,False,0,867,0,2934,67,65909,58240,398
unit,default,3,not_scheduled_quota,False,,,,,,,,,,investigation/routine-reading/main/trials/unit/default/3,0,0,0,0,0,0,0,0,0,0,0,,False,0,0,0,0,0,,,
